SeqID,EFV_label,NVP_label,ETR_label,RPV_label,DOR_label,EFV_conf,NVP_conf,ETR_conf,RPV_conf,DOR_conf
664256,1.0,1.0,1.0,1.0,,0.5,0.5,0.5,0.5,
664262,0.0,0.0,0.0,0.0,,1.0,1.0,1.0,1.0,
258510,1.0,1.0,1.0,1.0,,0.5,1.0,0.5,0.5,
51819,1.0,1.0,1.0,1.0,,0.5,1.0,0.5,0.5,
259204,0.0,0.0,0.0,0.0,,1.0,1.0,1.0,1.0,
259212,0.0,0.0,0.0,0.0,,1.0,1.0,1.0,1.0,
259228,0.0,0.0,0.0,0.0,,1.0,1.0,1.0,1.0,
216592,0.0,1.0,0.0,0.0,,1.0,0.5,1.0,1.0,
664221,1.0,1.0,1.0,1.0,,0.5,0.5,0.5,0.5,
664225,0.0,0.0,0.0,0.0,,1.0,1.0,1.0,1.0,
664260,0.0,0.0,0.0,0.0,,1.0,1.0,1.0,1.0,
51863,1.0,1.0,0.0,0.0,,1.0,1.0,1.0,1.0,
40227,1.0,1.0,0.0,1.0,,1.0,1.0,1.0,0.5,
40381,1.0,1.0,0.0,1.0,,1.0,1.0,1.0,0.5,
40586,1.0,1.0,0.0,0.0,,1.0,1.0,1.0,1.0,
40792,0.0,0.0,0.0,0.0,,1.0,1.0,1.0,1.0,
41121,1.0,1.0,1.0,1.0,,1.0,1.0,0.5,0.5,
41125,1.0,1.0,1.0,1.0,,1.0,1.0,1.0,1.0,
41154,0.0,1.0,1.0,1.0,,1.0,1.0,0.5,0.5,
41342,1.0,1.0,1.0,1.0,,1.0,1.0,0.5,1.0,
41769,1.0,1.0,1.0,1.0,,1.0,1.0,0.5,0.5,
41809,0.0,1.0,1.0,0.0,,1.0,1.0,0.5,1.0,
216594,0.0,0.0,0.0,0.0,,1.0,1.0,1.0,1.0,
51811,0.0,0.0,1.0,1.0,,1.0,1.0,0.5,0.5,
52285,0.0,1.0,1.0,0.0,,1.0,1.0,0.5,1.0,
216596,0.0,1.0,1.0,0.0,,1.0,1.0,0.5,1.0,
51864,0.0,0.0,0.0,0.0,,1.0,1.0,1.0,1.0,
51884,1.0,1.0,1.0,1.0,,1.0,1.0,1.0,1.0,
51927,0.0,1.0,0.0,0.0,,1.0,0.5,1.0,1.0,
51986,0.0,1.0,0.0,0.0,,1.0,0.5,1.0,1.0,
52040,0.0,0.0,0.0,0.0,,1.0,1.0,1.0,1.0,
216604,0.0,0.0,0.0,0.0,,1.0,1.0,1.0,1.0,
52212,0.0,1.0,1.0,1.0,,1.0,1.0,1.0,1.0,
216606,0.0,0.0,0.0,0.0,,1.0,1.0,1.0,1.0,
40145,1.0,1.0,1.0,1.0,,1.0,1.0,0.5,0.5,
52334,0.0,1.0,1.0,0.0,,1.0,1.0,0.5,1.0,
40011,1.0,1.0,1.0,1.0,,1.0,1.0,0.5,0.5,
76273,0.0,0.0,0.0,0.0,,1.0,1.0,1.0,1.0,
52593,1.0,1.0,1.0,0.0,,1.0,1.0,0.5,1.0,
56197,1.0,1.0,1.0,1.0,,1.0,1.0,1.0,1.0,
75751,1.0,1.0,0.0,0.0,,1.0,1.0,1.0,1.0,
86993,0.0,0.0,0.0,0.0,,1.0,1.0,1.0,1.0,
87163,1.0,1.0,0.0,0.0,,0.5,0.5,1.0,1.0,
39949,1.0,1.0,0.0,0.0,,1.0,1.0,1.0,1.0,
235698,0.0,0.0,0.0,0.0,,1.0,1.0,1.0,1.0,
257930,0.0,0.0,0.0,0.0,,1.0,1.0,1.0,1.0,
39541,0.0,1.0,1.0,1.0,,1.0,1.0,0.5,0.5,
27725,1.0,1.0,1.0,1.0,,1.0,1.0,1.0,1.0,
16297,0.0,0.0,0.0,0.0,,1.0,1.0,1.0,1.0,
257966,0.0,0.0,0.0,0.0,,1.0,1.0,1.0,1.0,
56595,1.0,1.0,1.0,1.0,,1.0,1.0,1.0,1.0,
75949,0.0,0.0,0.0,0.0,,1.0,1.0,1.0,1.0,
664263,0.0,0.0,0.0,0.0,,1.0,1.0,1.0,1.0,
664220,0.0,0.0,0.0,1.0,,1.0,1.0,1.0,0.5,
664265,0.0,0.0,0.0,0.0,,1.0,1.0,1.0,1.0,
664258,0.0,0.0,0.0,0.0,,1.0,1.0,1.0,1.0,
664246,1.0,1.0,1.0,1.0,,0.5,0.5,0.5,0.5,
664234,1.0,1.0,1.0,1.0,,0.5,0.5,0.5,0.5,
467804,0.0,,0.0,0.0,1.0,1.0,,1.0,1.0,0.5
87123,1.0,1.0,0.0,0.0,,0.5,1.0,1.0,1.0,
467802,1.0,,1.0,1.0,1.0,1.0,,0.5,1.0,1.0
467799,1.0,,1.0,1.0,1.0,1.0,,0.5,1.0,0.5
467792,1.0,,0.0,0.0,0.0,0.5,,1.0,1.0,1.0
467789,1.0,,0.0,0.0,0.0,0.5,,1.0,1.0,1.0
467784,1.0,,1.0,1.0,1.0,1.0,,0.5,1.0,1.0
467755,1.0,,1.0,1.0,0.0,1.0,,0.5,0.5,1.0
467750,1.0,,1.0,1.0,1.0,0.5,,0.5,0.5,0.5
467748,1.0,,0.0,0.0,1.0,1.0,,1.0,1.0,0.5
467744,1.0,,0.0,0.0,0.0,0.5,,1.0,1.0,1.0
467738,0.0,,0.0,0.0,0.0,1.0,,1.0,1.0,1.0
467737,0.0,,0.0,0.0,0.0,1.0,,1.0,1.0,1.0
205157,1.0,1.0,1.0,1.0,1.0,1.0,1.0,0.5,0.5,0.5
205159,1.0,1.0,1.0,1.0,1.0,1.0,1.0,0.5,0.5,1.0
40186,0.0,0.0,0.0,0.0,,1.0,1.0,1.0,1.0,
205160,1.0,1.0,1.0,0.0,1.0,1.0,1.0,0.5,1.0,0.5
205164,1.0,1.0,1.0,1.0,1.0,0.5,1.0,0.5,0.5,1.0
259234,0.0,0.0,0.0,0.0,,1.0,1.0,1.0,1.0,
467839,1.0,,0.0,0.0,1.0,0.5,,1.0,1.0,1.0
467838,1.0,,1.0,1.0,1.0,0.5,,0.5,0.5,1.0
467827,1.0,,0.0,1.0,1.0,1.0,,1.0,0.5,1.0
467819,1.0,,1.0,1.0,0.0,0.5,,0.5,0.5,1.0
259240,0.0,0.0,1.0,0.0,,1.0,1.0,0.5,1.0,
259244,1.0,1.0,1.0,1.0,,1.0,1.0,0.5,0.5,
205670,1.0,1.0,0.0,0.0,,1.0,1.0,1.0,1.0,
205678,0.0,0.0,0.0,0.0,,1.0,1.0,1.0,1.0,
467742,1.0,,1.0,1.0,1.0,0.5,,1.0,1.0,1.0
467743,0.0,,1.0,0.0,0.0,1.0,,0.5,1.0,1.0
467816,1.0,,0.0,0.0,0.0,1.0,,1.0,1.0,1.0
467779,1.0,,1.0,1.0,1.0,1.0,,0.5,0.5,0.5
467777,1.0,,0.0,1.0,1.0,1.0,,1.0,0.5,0.5
467762,1.0,,0.0,0.0,0.0,0.5,,1.0,1.0,1.0
467773,1.0,,0.0,0.0,1.0,1.0,,1.0,1.0,0.5
467790,1.0,,0.0,0.0,0.0,1.0,,1.0,1.0,1.0
205155,1.0,1.0,1.0,1.0,1.0,1.0,1.0,0.5,1.0,0.5
205158,0.0,1.0,1.0,1.0,0.0,1.0,1.0,1.0,0.5,1.0
235690,0.0,0.0,0.0,0.0,,1.0,1.0,1.0,1.0,
235704,1.0,1.0,1.0,1.0,,0.5,1.0,1.0,1.0,
205666,1.0,1.0,0.0,0.0,,0.5,1.0,1.0,1.0,
205668,1.0,1.0,1.0,1.0,,1.0,1.0,0.5,0.5,
467807,1.0,,0.0,0.0,1.0,1.0,,1.0,1.0,1.0
467809,1.0,,1.0,1.0,1.0,1.0,,0.5,0.5,1.0
467810,1.0,,0.0,0.0,1.0,1.0,,1.0,1.0,0.5
467811,0.0,,0.0,0.0,1.0,1.0,,1.0,1.0,0.5
467825,0.0,,0.0,0.0,0.0,1.0,,1.0,1.0,1.0
216590,1.0,1.0,0.0,0.0,,0.5,1.0,1.0,1.0,
259174,0.0,0.0,0.0,0.0,,1.0,1.0,1.0,1.0,
259184,1.0,1.0,1.0,1.0,,0.5,1.0,0.5,0.5,
259190,0.0,0.0,0.0,0.0,,1.0,1.0,1.0,1.0,
259220,0.0,0.0,0.0,0.0,,1.0,1.0,1.0,1.0,
467840,0.0,,1.0,1.0,1.0,1.0,,0.5,0.5,1.0
235708,0.0,0.0,0.0,0.0,,1.0,1.0,1.0,1.0,
235718,0.0,0.0,0.0,0.0,,1.0,1.0,1.0,1.0,
467814,1.0,,0.0,0.0,0.0,0.5,,1.0,1.0,1.0
216598,1.0,1.0,0.0,0.0,,0.5,1.0,1.0,1.0,
259178,0.0,0.0,0.0,0.0,,1.0,1.0,1.0,1.0,
259180,1.0,1.0,1.0,0.0,,1.0,1.0,0.5,1.0,
259192,1.0,1.0,0.0,1.0,,1.0,1.0,1.0,0.5,
259196,1.0,1.0,0.0,0.0,,1.0,1.0,1.0,1.0,
664267,0.0,0.0,0.0,0.0,,1.0,1.0,1.0,1.0,
664257,0.0,0.0,1.0,1.0,,1.0,1.0,0.5,0.5,
664249,1.0,0.0,1.0,1.0,,0.5,1.0,0.5,0.5,
216638,0.0,0.0,0.0,0.0,,1.0,1.0,1.0,1.0,
664235,1.0,1.0,1.0,1.0,,1.0,1.0,0.5,0.5,
664233,1.0,1.0,0.0,1.0,,0.5,1.0,1.0,0.5,
664228,1.0,1.0,1.0,1.0,,0.5,1.0,1.0,1.0,
467822,1.0,,1.0,1.0,1.0,1.0,,0.5,0.5,0.5
235722,1.0,1.0,1.0,1.0,,1.0,1.0,0.5,0.5,
183257,1.0,1.0,1.0,1.0,,1.0,1.0,1.0,1.0,
257944,0.0,0.0,0.0,0.0,,1.0,1.0,1.0,1.0,
467751,1.0,,0.0,0.0,0.0,0.5,,1.0,1.0,1.0
467813,1.0,,1.0,1.0,1.0,0.5,,0.5,0.5,0.5
259224,0.0,0.0,0.0,0.0,,1.0,1.0,1.0,1.0,
205154,1.0,1.0,1.0,1.0,1.0,1.0,1.0,0.5,0.5,0.5
205163,0.0,1.0,0.0,0.0,,1.0,1.0,1.0,1.0,
467770,1.0,,1.0,1.0,1.0,0.5,,0.5,0.5,0.5
257948,0.0,1.0,0.0,0.0,,1.0,0.5,1.0,1.0,
205671,0.0,0.0,0.0,0.0,,1.0,1.0,1.0,1.0,
467842,1.0,,0.0,0.0,1.0,0.5,,1.0,1.0,1.0
467841,0.0,,0.0,0.0,1.0,1.0,,1.0,1.0,1.0
467826,1.0,,0.0,0.0,0.0,0.5,,1.0,1.0,1.0
467824,1.0,,1.0,1.0,1.0,0.5,,1.0,0.5,0.5
206442,0.0,0.0,0.0,0.0,,1.0,1.0,1.0,1.0,
213422,0.0,0.0,0.0,0.0,,1.0,1.0,1.0,1.0,
467806,1.0,,0.0,0.0,1.0,0.5,,1.0,1.0,1.0
235694,1.0,1.0,1.0,1.0,,1.0,1.0,0.5,1.0,
235702,1.0,1.0,1.0,1.0,,1.0,1.0,1.0,1.0,
235710,1.0,1.0,0.0,1.0,,1.0,1.0,1.0,0.5,
235712,0.0,0.0,0.0,0.0,,1.0,1.0,1.0,1.0,
235720,1.0,1.0,0.0,0.0,,1.0,1.0,1.0,1.0,
235726,1.0,1.0,1.0,1.0,,1.0,1.0,0.5,1.0,
235730,1.0,1.0,0.0,1.0,,1.0,1.0,1.0,0.5,
257934,0.0,0.0,0.0,0.0,,1.0,1.0,1.0,1.0,
467787,1.0,,0.0,0.0,0.0,1.0,,1.0,1.0,1.0
467778,1.0,,0.0,0.0,0.0,1.0,,1.0,1.0,1.0
467775,1.0,,0.0,0.0,1.0,1.0,,1.0,1.0,0.5
258506,0.0,0.0,0.0,0.0,,1.0,1.0,1.0,1.0,
259182,1.0,1.0,0.0,1.0,,1.0,1.0,1.0,1.0,
259198,0.0,0.0,0.0,0.0,,1.0,1.0,1.0,1.0,
259200,0.0,0.0,0.0,0.0,,1.0,1.0,1.0,1.0,
467757,1.0,,0.0,0.0,0.0,1.0,,1.0,1.0,1.0
467756,1.0,,1.0,1.0,1.0,1.0,,1.0,1.0,0.5
77294,1.0,1.0,1.0,1.0,,1.0,1.0,1.0,0.5,
664224,0.0,0.0,0.0,0.0,,1.0,1.0,1.0,1.0,
205156,1.0,1.0,1.0,1.0,0.0,1.0,1.0,1.0,0.5,1.0
205161,1.0,1.0,1.0,1.0,1.0,1.0,1.0,0.5,0.5,1.0
205162,1.0,1.0,1.0,1.0,1.0,0.5,1.0,0.5,0.5,0.5
467815,0.0,,0.0,0.0,0.0,1.0,,1.0,1.0,1.0
467837,1.0,,0.0,1.0,1.0,0.5,,1.0,0.5,1.0
467843,1.0,,1.0,1.0,1.0,1.0,,0.5,0.5,1.0
664232,1.0,1.0,1.0,1.0,,0.5,1.0,1.0,1.0,
664236,1.0,1.0,1.0,1.0,,0.5,1.0,0.5,0.5,
664238,1.0,1.0,1.0,1.0,,0.5,1.0,0.5,0.5,
207304,1.0,1.0,1.0,1.0,,1.0,1.0,0.5,0.5,
259264,1.0,1.0,1.0,0.0,,0.5,0.5,0.5,1.0,
467734,1.0,,1.0,0.0,1.0,0.5,,0.5,1.0,0.5
467735,0.0,,0.0,0.0,1.0,1.0,,1.0,1.0,0.5
467736,1.0,,0.0,0.0,1.0,0.5,,1.0,1.0,0.5
467758,0.0,,0.0,0.0,0.0,1.0,,1.0,1.0,1.0
467780,1.0,,1.0,0.0,0.0,1.0,,0.5,1.0,1.0
205669,0.0,0.0,0.0,0.0,,1.0,1.0,1.0,1.0,
205673,0.0,1.0,1.0,0.0,,1.0,1.0,0.5,1.0,
205682,1.0,1.0,0.0,0.0,,0.5,1.0,1.0,1.0,
615479,1.0,1.0,1.0,,,1.0,1.0,1.0,,
615483,0.0,0.0,0.0,,,1.0,1.0,1.0,,
615507,0.0,0.0,0.0,,,1.0,1.0,1.0,,
615511,0.0,0.0,0.0,,,1.0,1.0,1.0,,
615515,0.0,0.0,0.0,,,1.0,1.0,1.0,,
615535,0.0,0.0,0.0,,,1.0,1.0,1.0,,
52371,0.0,0.0,0.0,,,1.0,1.0,1.0,,
52519,1.0,1.0,0.0,,,1.0,1.0,1.0,,
56063,1.0,1.0,1.0,,,1.0,1.0,0.5,,
115923,1.0,1.0,0.0,,,1.0,1.0,1.0,,
155183,0.0,0.0,0.0,,,1.0,1.0,1.0,,
144070,0.0,0.0,0.0,,,1.0,1.0,1.0,,
615253,1.0,1.0,0.0,,,1.0,1.0,1.0,,
173108,1.0,1.0,1.0,,,1.0,1.0,0.5,,
183720,1.0,1.0,0.0,,,1.0,1.0,1.0,,
192064,1.0,1.0,0.0,,,1.0,1.0,1.0,,
205618,0.0,0.0,0.0,,,1.0,1.0,1.0,,
205627,0.0,0.0,0.0,,,1.0,1.0,1.0,,
206420,0.0,1.0,0.0,,,1.0,0.5,1.0,,
206428,1.0,1.0,1.0,,,1.0,1.0,0.5,,
207296,0.0,0.0,0.0,,,1.0,1.0,1.0,,
207300,1.0,1.0,0.0,,,0.5,1.0,1.0,,
216588,0.0,0.0,0.0,,,1.0,1.0,1.0,,
216610,0.0,0.0,0.0,,,1.0,1.0,1.0,,
216616,0.0,0.0,0.0,,,1.0,1.0,1.0,,
216618,0.0,0.0,0.0,,,1.0,1.0,1.0,,
216626,0.0,0.0,0.0,,,1.0,1.0,1.0,,
216646,0.0,0.0,0.0,,,1.0,1.0,1.0,,
216648,0.0,0.0,0.0,,,1.0,1.0,1.0,,
216650,0.0,0.0,0.0,,,1.0,1.0,1.0,,
216652,0.0,0.0,0.0,,,1.0,1.0,1.0,,
216660,0.0,0.0,0.0,,,1.0,1.0,1.0,,
235740,0.0,1.0,0.0,,,1.0,1.0,1.0,,
257962,1.0,1.0,0.0,,,0.5,0.5,1.0,,
615445,0.0,0.0,0.0,,,1.0,1.0,1.0,,
615453,1.0,1.0,0.0,,,0.5,1.0,1.0,,
615459,0.0,0.0,0.0,,,1.0,1.0,1.0,,
76287,0.0,1.0,1.0,,,1.0,1.0,0.5,,
79187,0.0,0.0,0.0,,,1.0,1.0,1.0,,
86887,1.0,1.0,0.0,,,0.5,1.0,1.0,,
117245,1.0,1.0,1.0,,,1.0,1.0,1.0,,
146975,1.0,1.0,1.0,,,1.0,1.0,0.5,,
216634,0.0,0.0,0.0,,,1.0,1.0,1.0,,
615361,1.0,0.0,0.0,,,0.5,1.0,1.0,,
615369,0.0,0.0,0.0,,,1.0,1.0,1.0,,
615387,0.0,0.0,0.0,,,1.0,1.0,1.0,,
615391,1.0,1.0,1.0,,,1.0,1.0,1.0,,
615423,0.0,0.0,0.0,,,1.0,1.0,1.0,,
155129,1.0,1.0,1.0,,,1.0,1.0,1.0,,
155921,1.0,1.0,0.0,,,1.0,1.0,1.0,,
615259,1.0,1.0,0.0,,,0.5,0.5,1.0,,
202572,1.0,1.0,1.0,,,1.0,1.0,0.5,,
205611,1.0,1.0,1.0,,,1.0,1.0,0.5,,
205615,0.0,0.0,0.0,,,1.0,1.0,1.0,,
205619,0.0,0.0,0.0,,,1.0,1.0,1.0,,
206422,1.0,1.0,1.0,,,0.5,1.0,0.5,,
206436,0.0,1.0,0.0,,,1.0,1.0,1.0,,
206446,1.0,1.0,1.0,,,1.0,1.0,0.5,,
206448,1.0,1.0,0.0,,,0.5,0.5,1.0,,
207298,0.0,0.0,0.0,,,1.0,1.0,1.0,,
202562,1.0,1.0,1.0,,,1.0,1.0,0.5,,
202563,1.0,1.0,1.0,,,1.0,1.0,0.5,,
202564,1.0,1.0,1.0,,,1.0,1.0,0.5,,
202568,1.0,1.0,1.0,,,1.0,1.0,1.0,,
216622,0.0,1.0,0.0,,,1.0,0.5,1.0,,
216624,0.0,0.0,0.0,,,1.0,1.0,1.0,,
216630,0.0,0.0,0.0,,,1.0,1.0,1.0,,
216644,0.0,0.0,0.0,,,1.0,1.0,1.0,,
216664,0.0,0.0,0.0,,,1.0,1.0,1.0,,
216666,0.0,0.0,0.0,,,1.0,1.0,1.0,,
235682,0.0,0.0,0.0,,,1.0,1.0,1.0,,
205623,0.0,1.0,1.0,,,1.0,1.0,0.5,,
205633,0.0,0.0,0.0,,,1.0,1.0,1.0,,
206410,1.0,1.0,0.0,,,0.5,1.0,1.0,,
206418,1.0,1.0,0.0,,,0.5,1.0,1.0,,
207306,1.0,1.0,0.0,,,0.5,0.5,1.0,,
216600,0.0,0.0,0.0,,,1.0,1.0,1.0,,
216612,0.0,0.0,0.0,,,1.0,1.0,1.0,,
216620,0.0,0.0,0.0,,,1.0,1.0,1.0,,
235696,0.0,0.0,0.0,,,1.0,1.0,1.0,,
257942,0.0,0.0,0.0,,,1.0,1.0,1.0,,
146949,1.0,1.0,1.0,,,1.0,1.0,1.0,,
86699,1.0,1.0,1.0,,,0.5,1.0,0.5,,
615221,1.0,1.0,0.0,,,1.0,1.0,1.0,,
615223,0.0,0.0,0.0,,,1.0,1.0,1.0,,
615235,1.0,1.0,0.0,,,1.0,1.0,1.0,,
615261,0.0,0.0,0.0,,,1.0,1.0,1.0,,
615335,0.0,0.0,0.0,,,1.0,1.0,1.0,,
615347,1.0,1.0,1.0,,,1.0,1.0,0.5,,
615349,0.0,0.0,0.0,,,1.0,1.0,1.0,,
155683,1.0,1.0,0.0,,,0.5,1.0,1.0,,
202561,1.0,1.0,1.0,,,1.0,1.0,1.0,,
202566,1.0,1.0,0.0,,,1.0,1.0,1.0,,
202567,1.0,1.0,1.0,,,1.0,1.0,1.0,,
202570,1.0,1.0,1.0,,,1.0,1.0,1.0,,
202571,1.0,1.0,1.0,,,1.0,1.0,1.0,,
205596,0.0,0.0,0.0,,,1.0,1.0,1.0,,
205600,1.0,1.0,1.0,,,1.0,1.0,0.5,,
205612,1.0,1.0,1.0,,,1.0,1.0,0.5,,
205613,0.0,0.0,0.0,,,1.0,1.0,1.0,,
205616,1.0,1.0,1.0,,,1.0,1.0,0.5,,
205635,1.0,1.0,0.0,,,0.5,1.0,1.0,,
206408,1.0,1.0,0.0,,,0.5,1.0,1.0,,
206412,1.0,1.0,0.0,,,1.0,1.0,1.0,,
206416,0.0,0.0,0.0,,,1.0,1.0,1.0,,
206432,1.0,1.0,1.0,,,1.0,1.0,1.0,,
206440,0.0,0.0,0.0,,,1.0,1.0,1.0,,
206452,1.0,1.0,0.0,,,0.5,1.0,1.0,,
207302,0.0,0.0,0.0,,,1.0,1.0,1.0,,
216614,0.0,0.0,0.0,,,1.0,1.0,1.0,,
216658,0.0,0.0,0.0,,,1.0,1.0,1.0,,
216662,0.0,1.0,0.0,,,1.0,0.5,1.0,,
257936,0.0,0.0,0.0,,,1.0,1.0,1.0,,
257940,0.0,0.0,0.0,,,1.0,1.0,1.0,,
56023,1.0,1.0,1.0,,,1.0,1.0,0.5,,
56339,1.0,1.0,1.0,,,1.0,1.0,0.5,,
75737,1.0,1.0,0.0,,,1.0,1.0,1.0,,
82398,0.0,0.0,0.0,,,1.0,1.0,1.0,,
97951,0.0,0.0,0.0,,,1.0,1.0,1.0,,
144186,1.0,1.0,1.0,,,1.0,1.0,0.5,,
183680,1.0,1.0,0.0,,,1.0,1.0,1.0,,
202573,1.0,1.0,1.0,,,1.0,1.0,0.5,,
202574,1.0,1.0,1.0,,,1.0,1.0,0.5,,
205594,1.0,1.0,0.0,,,0.5,0.5,1.0,,
205598,0.0,0.0,0.0,,,1.0,1.0,1.0,,
205608,0.0,0.0,0.0,,,1.0,1.0,1.0,,
205641,1.0,1.0,0.0,,,1.0,1.0,1.0,,
205645,1.0,1.0,0.0,,,0.5,1.0,1.0,,
206414,1.0,1.0,0.0,,,1.0,1.0,1.0,,
206424,1.0,1.0,0.0,,,0.5,1.0,1.0,,
202565,1.0,1.0,0.0,,,0.5,0.5,1.0,,
202569,1.0,1.0,1.0,,,1.0,1.0,1.0,,
216640,0.0,0.0,0.0,,,1.0,1.0,1.0,,
216642,0.0,0.0,0.0,,,1.0,1.0,1.0,,
216656,0.0,0.0,0.0,,,1.0,1.0,1.0,,
205614,1.0,1.0,0.0,,,0.5,1.0,1.0,,
205617,0.0,0.0,0.0,,,1.0,1.0,1.0,,
205620,1.0,1.0,0.0,,,1.0,1.0,1.0,,
205621,1.0,1.0,1.0,,,1.0,1.0,1.0,,
205629,0.0,0.0,0.0,,,1.0,1.0,1.0,,
205637,1.0,1.0,1.0,,,1.0,0.5,0.5,,
206438,1.0,1.0,0.0,,,0.5,1.0,1.0,,
207294,0.0,0.0,0.0,,,1.0,1.0,1.0,,
216628,0.0,0.0,0.0,,,1.0,1.0,1.0,,
216632,0.0,0.0,0.0,,,1.0,1.0,1.0,,
216636,0.0,0.0,0.0,,,1.0,1.0,1.0,,
615267,1.0,1.0,0.0,,,1.0,1.0,1.0,,
614457,1.0,1.0,1.0,,,1.0,1.0,0.5,,
614459,0.0,0.0,0.0,,,1.0,1.0,1.0,,
614467,1.0,1.0,1.0,,,0.5,1.0,0.5,,
615019,0.0,0.0,0.0,,,1.0,1.0,1.0,,
615031,0.0,1.0,0.0,,,1.0,1.0,1.0,,
257924,0.0,0.0,0.0,,,1.0,1.0,1.0,,
257928,0.0,0.0,0.0,,,1.0,1.0,1.0,,
257958,1.0,1.0,0.0,,,1.0,1.0,1.0,,
615053,1.0,1.0,0.0,,,1.0,1.0,1.0,,
615325,1.0,1.0,1.0,,,1.0,0.5,0.5,,
615329,0.0,0.0,0.0,,,1.0,1.0,1.0,,
615365,1.0,1.0,0.0,,,1.0,1.0,1.0,,
615371,1.0,1.0,0.0,,,0.5,1.0,1.0,,
615155,0.0,1.0,1.0,,,1.0,1.0,1.0,,
615181,0.0,0.0,0.0,,,1.0,1.0,1.0,,
613991,1.0,,1.0,1.0,,1.0,,0.5,0.5,
615199,1.0,1.0,0.0,,,0.5,1.0,1.0,,
615203,1.0,1.0,0.0,,,0.5,0.5,1.0,,
615465,0.0,0.0,0.0,,,1.0,1.0,1.0,,
615471,0.0,0.0,0.0,,,1.0,1.0,1.0,,
615475,1.0,1.0,0.0,,,1.0,1.0,1.0,,
615477,0.0,0.0,0.0,,,1.0,1.0,1.0,,
615489,1.0,1.0,0.0,,,0.5,1.0,1.0,,
615517,0.0,0.0,0.0,,,1.0,1.0,1.0,,
615521,0.0,1.0,0.0,,,1.0,1.0,1.0,,
615529,0.0,0.0,0.0,,,1.0,1.0,1.0,,
615307,0.0,0.0,0.0,,,1.0,1.0,1.0,,
615427,1.0,1.0,1.0,,,1.0,1.0,0.5,,
615441,0.0,0.0,0.0,,,1.0,1.0,1.0,,
615449,0.0,0.0,0.0,,,1.0,1.0,1.0,,
615463,0.0,0.0,0.0,,,1.0,1.0,1.0,,
716164,,,1.0,1.0,0.0,,,1.0,0.5,1.0
716174,,,0.0,1.0,0.0,,,1.0,0.5,1.0
716190,,,1.0,1.0,1.0,,,1.0,1.0,0.5
716192,,,1.0,1.0,1.0,,,1.0,1.0,1.0
716193,,,1.0,1.0,1.0,,,0.5,0.5,0.5
771721,1.0,,1.0,,1.0,0.5,,0.5,,0.5
771722,1.0,,0.0,,0.0,0.5,,1.0,,1.0
771724,1.0,,0.0,,0.0,0.5,,1.0,,1.0
614479,1.0,1.0,0.0,,,0.5,1.0,1.0,,
614495,0.0,1.0,1.0,,,1.0,1.0,1.0,,
614583,0.0,0.0,0.0,,,1.0,1.0,1.0,,
614589,0.0,0.0,0.0,,,1.0,1.0,1.0,,
614591,0.0,0.0,0.0,,,1.0,1.0,1.0,,
614605,1.0,1.0,0.0,,,0.5,1.0,1.0,,
614635,1.0,1.0,1.0,,,1.0,1.0,0.5,,
614637,1.0,1.0,0.0,,,1.0,1.0,1.0,,
614661,0.0,0.0,0.0,,,1.0,1.0,1.0,,
614463,1.0,1.0,0.0,,,0.5,0.5,1.0,,
614471,0.0,0.0,0.0,,,1.0,1.0,1.0,,
614699,0.0,0.0,0.0,,,1.0,1.0,1.0,,
614723,1.0,1.0,1.0,,,0.5,1.0,0.5,,
614741,1.0,0.0,0.0,,,0.5,1.0,1.0,,
614747,0.0,1.0,1.0,,,1.0,1.0,0.5,,
614771,1.0,1.0,0.0,,,1.0,1.0,1.0,,
614791,0.0,1.0,0.0,,,1.0,0.5,1.0,,
614803,1.0,1.0,0.0,,,1.0,1.0,1.0,,
614531,1.0,1.0,1.0,,,1.0,1.0,1.0,,
614551,1.0,1.0,0.0,,,0.5,0.5,1.0,,
614567,0.0,0.0,0.0,,,1.0,1.0,1.0,,
614829,1.0,1.0,0.0,,,0.5,0.5,1.0,,
614835,1.0,1.0,1.0,,,1.0,1.0,0.5,,
614843,0.0,0.0,0.0,,,1.0,1.0,1.0,,
614847,1.0,1.0,1.0,,,1.0,1.0,0.5,,
614863,0.0,0.0,0.0,,,1.0,1.0,1.0,,
614873,0.0,0.0,0.0,,,1.0,1.0,1.0,,
614879,1.0,1.0,0.0,,,0.5,0.5,1.0,,
614675,0.0,0.0,0.0,,,1.0,1.0,1.0,,
614689,0.0,0.0,0.0,,,1.0,1.0,1.0,,
614925,1.0,1.0,0.0,,,1.0,1.0,1.0,,
614927,1.0,1.0,0.0,,,1.0,1.0,1.0,,
614963,1.0,1.0,1.0,,,1.0,1.0,0.5,,
614969,1.0,1.0,1.0,,,1.0,1.0,0.5,,
614987,0.0,1.0,0.0,,,1.0,1.0,1.0,,
614995,1.0,1.0,0.0,,,1.0,1.0,1.0,,
615001,0.0,0.0,0.0,,,1.0,1.0,1.0,,
615011,1.0,1.0,1.0,,,0.5,1.0,0.5,,
615017,0.0,0.0,0.0,,,1.0,1.0,1.0,,
615021,0.0,0.0,0.0,,,1.0,1.0,1.0,,
614805,1.0,1.0,0.0,,,1.0,1.0,1.0,,
614817,0.0,1.0,0.0,,,1.0,1.0,1.0,,
615045,0.0,1.0,0.0,,,1.0,0.5,1.0,,
615051,0.0,0.0,0.0,,,1.0,1.0,1.0,,
615055,1.0,1.0,1.0,,,1.0,1.0,0.5,,
615087,0.0,0.0,0.0,,,1.0,1.0,1.0,,
615097,0.0,0.0,0.0,,,1.0,1.0,1.0,,
615119,0.0,0.0,0.0,,,1.0,1.0,1.0,,
615123,1.0,1.0,0.0,,,0.5,1.0,1.0,,
615131,1.0,1.0,0.0,,,1.0,1.0,1.0,,
614903,1.0,1.0,0.0,,,0.5,0.5,1.0,,
614907,0.0,0.0,0.0,,,1.0,1.0,1.0,,
614911,1.0,1.0,0.0,,,1.0,1.0,1.0,,
615195,0.0,0.0,0.0,,,1.0,1.0,1.0,,
615205,0.0,0.0,0.0,,,1.0,1.0,1.0,,
615207,0.0,1.0,1.0,,,1.0,1.0,0.5,,
615211,1.0,1.0,0.0,,,0.5,1.0,1.0,,
615227,0.0,0.0,0.0,,,1.0,1.0,1.0,,
615231,1.0,1.0,1.0,,,1.0,1.0,1.0,,
615023,0.0,0.0,0.0,,,1.0,1.0,1.0,,
615041,1.0,1.0,0.0,,,1.0,1.0,1.0,,
615277,1.0,1.0,0.0,,,0.5,1.0,1.0,,
615287,1.0,1.0,0.0,,,0.5,0.5,1.0,,
615289,0.0,0.0,0.0,,,1.0,1.0,1.0,,
615305,1.0,1.0,0.0,,,0.5,1.0,1.0,,
615331,1.0,1.0,1.0,,,1.0,1.0,0.5,,
615353,1.0,1.0,1.0,,,0.5,1.0,0.5,,
615379,1.0,1.0,0.0,,,1.0,1.0,1.0,,
615151,0.0,0.0,0.0,,,1.0,1.0,1.0,,
615169,0.0,1.0,1.0,,,1.0,0.5,0.5,,
615173,0.0,0.0,0.0,,,1.0,1.0,1.0,,
615433,0.0,0.0,0.0,,,1.0,1.0,1.0,,
615481,1.0,1.0,0.0,,,0.5,1.0,1.0,,
615491,1.0,1.0,1.0,,,1.0,1.0,0.5,,
615493,0.0,0.0,0.0,,,1.0,1.0,1.0,,
615255,0.0,1.0,0.0,,,1.0,0.5,1.0,,
615265,1.0,1.0,0.0,,,0.5,1.0,1.0,,
615407,0.0,1.0,0.0,,,1.0,0.5,1.0,,
716157,,,1.0,1.0,1.0,,,1.0,1.0,0.5
716165,,,1.0,1.0,1.0,,,0.5,1.0,0.5
716167,,,0.0,1.0,1.0,,,1.0,1.0,1.0
716170,,,0.0,1.0,1.0,,,1.0,0.5,0.5
716172,,,1.0,1.0,1.0,,,1.0,1.0,0.5
716178,,,1.0,1.0,1.0,,,0.5,1.0,0.5
716187,,,1.0,1.0,1.0,,,1.0,1.0,0.5
716188,,,1.0,1.0,0.0,,,1.0,1.0,1.0
771718,1.0,,1.0,,0.0,0.5,,0.5,,1.0
716183,,,1.0,1.0,1.0,,,1.0,1.0,1.0
40166,0.0,1.0,1.0,,,1.0,1.0,1.0,,
10586,1.0,1.0,0.0,,,0.5,0.5,1.0,,
12552,1.0,1.0,0.0,,,1.0,1.0,1.0,,
39977,1.0,1.0,0.0,,,0.5,0.5,1.0,,
613983,1.0,,1.0,1.0,,1.0,,0.5,0.5,
613987,0.0,,0.0,0.0,,1.0,,1.0,1.0,
614475,0.0,1.0,1.0,,,1.0,1.0,1.0,,
614485,1.0,1.0,0.0,,,1.0,1.0,1.0,,
614533,1.0,1.0,0.0,,,0.5,1.0,1.0,,
614535,0.0,0.0,0.0,,,1.0,1.0,1.0,,
614563,0.0,0.0,0.0,,,1.0,1.0,1.0,,
614575,1.0,1.0,0.0,,,0.5,0.5,1.0,,
614585,0.0,0.0,0.0,,,1.0,1.0,1.0,,
614599,0.0,0.0,0.0,,,1.0,1.0,1.0,,
614613,1.0,1.0,0.0,,,0.5,0.5,1.0,,
614627,0.0,0.0,0.0,,,1.0,1.0,1.0,,
614641,1.0,1.0,0.0,,,1.0,1.0,1.0,,
614677,0.0,0.0,0.0,,,1.0,1.0,1.0,,
614683,1.0,1.0,0.0,,,1.0,1.0,1.0,,
614705,1.0,1.0,0.0,,,1.0,1.0,1.0,,
614713,1.0,1.0,0.0,,,0.5,1.0,1.0,,
614715,0.0,0.0,0.0,,,1.0,1.0,1.0,,
614719,1.0,1.0,0.0,,,0.5,0.5,1.0,,
614725,0.0,0.0,0.0,,,1.0,1.0,1.0,,
614729,1.0,1.0,0.0,,,0.5,0.5,1.0,,
614731,1.0,1.0,0.0,,,1.0,1.0,1.0,,
614737,1.0,1.0,1.0,,,0.5,1.0,0.5,,
614753,0.0,0.0,0.0,,,1.0,1.0,1.0,,
614765,0.0,0.0,0.0,,,1.0,1.0,1.0,,
614769,0.0,0.0,0.0,,,1.0,1.0,1.0,,
614775,0.0,0.0,0.0,,,1.0,1.0,1.0,,
614823,0.0,1.0,1.0,,,1.0,1.0,0.5,,
614833,0.0,0.0,0.0,,,1.0,1.0,1.0,,
614851,1.0,1.0,0.0,,,1.0,1.0,1.0,,
614853,0.0,0.0,0.0,,,1.0,1.0,1.0,,
614861,0.0,0.0,0.0,,,1.0,1.0,1.0,,
614869,0.0,0.0,0.0,,,1.0,1.0,1.0,,
614901,0.0,0.0,0.0,,,1.0,1.0,1.0,,
614923,0.0,0.0,0.0,,,1.0,1.0,1.0,,
614939,0.0,0.0,0.0,,,1.0,1.0,1.0,,
614947,0.0,0.0,0.0,,,1.0,1.0,1.0,,
614953,1.0,1.0,0.0,,,1.0,1.0,1.0,,
614957,1.0,1.0,1.0,,,1.0,1.0,0.5,,
614973,1.0,1.0,1.0,,,1.0,1.0,1.0,,
614991,0.0,0.0,0.0,,,1.0,1.0,1.0,,
615009,1.0,1.0,0.0,,,0.5,1.0,1.0,,
615061,1.0,1.0,0.0,,,0.5,0.5,1.0,,
615067,0.0,0.0,0.0,,,1.0,1.0,1.0,,
615073,0.0,0.0,0.0,,,1.0,1.0,1.0,,
614759,0.0,0.0,0.0,,,1.0,1.0,1.0,,
615089,0.0,0.0,0.0,,,1.0,1.0,1.0,,
615111,0.0,0.0,0.0,,,1.0,1.0,1.0,,
615137,0.0,1.0,0.0,,,1.0,1.0,1.0,,
615135,0.0,1.0,0.0,,,1.0,0.5,1.0,,
615147,1.0,1.0,1.0,,,1.0,1.0,1.0,,
615165,0.0,1.0,0.0,,,1.0,0.5,1.0,,
615171,1.0,1.0,0.0,,,0.5,1.0,1.0,,
615187,1.0,1.0,0.0,,,1.0,1.0,1.0,,
615159,0.0,0.0,0.0,,,1.0,1.0,1.0,,
615219,1.0,1.0,0.0,,,1.0,1.0,1.0,,
615025,0.0,0.0,0.0,,,1.0,1.0,1.0,,
615033,1.0,1.0,1.0,,,1.0,1.0,0.5,,
615035,0.0,0.0,0.0,,,1.0,1.0,1.0,,
615043,1.0,1.0,1.0,,,1.0,1.0,0.5,,
615049,1.0,1.0,0.0,,,1.0,1.0,1.0,,
615069,1.0,1.0,0.0,,,1.0,1.0,1.0,,
615071,1.0,1.0,0.0,,,1.0,1.0,1.0,,
615093,0.0,0.0,0.0,,,1.0,1.0,1.0,,
615121,1.0,1.0,0.0,,,1.0,1.0,1.0,,
615133,0.0,0.0,0.0,,,1.0,1.0,1.0,,
614895,0.0,0.0,0.0,,,1.0,1.0,1.0,,
614899,1.0,1.0,0.0,,,0.5,0.5,1.0,,
614929,0.0,0.0,0.0,,,1.0,1.0,1.0,,
614933,0.0,0.0,0.0,,,1.0,1.0,1.0,,
614949,1.0,1.0,0.0,,,0.5,0.5,1.0,,
614989,1.0,1.0,1.0,,,1.0,1.0,0.5,,
615005,1.0,1.0,0.0,,,0.5,0.5,1.0,,
615007,0.0,0.0,0.0,,,1.0,1.0,1.0,,
614755,0.0,0.0,0.0,,,1.0,1.0,1.0,,
614807,0.0,0.0,0.0,,,1.0,1.0,1.0,,
614809,0.0,0.0,0.0,,,1.0,1.0,1.0,,
614849,0.0,0.0,0.0,,,1.0,1.0,1.0,,
614559,1.0,1.0,0.0,,,0.5,1.0,1.0,,
614577,0.0,0.0,0.0,,,1.0,1.0,1.0,,
614607,1.0,1.0,0.0,,,1.0,1.0,1.0,,
614629,0.0,0.0,0.0,,,1.0,1.0,1.0,,
614659,0.0,0.0,0.0,,,1.0,1.0,1.0,,
614667,0.0,0.0,0.0,,,1.0,1.0,1.0,,
614669,1.0,1.0,0.0,,,0.5,1.0,1.0,,
614685,1.0,1.0,0.0,,,0.5,1.0,1.0,,
614695,1.0,1.0,0.0,,,1.0,1.0,1.0,,
615285,1.0,1.0,0.0,,,0.5,1.0,1.0,,
614515,0.0,0.0,0.0,,,1.0,1.0,1.0,,
614527,0.0,0.0,0.0,,,1.0,1.0,1.0,,
614541,0.0,1.0,0.0,,,1.0,0.5,1.0,,
615295,1.0,1.0,0.0,,,0.5,1.0,1.0,,
615303,1.0,1.0,0.0,,,0.5,1.0,1.0,,
615085,1.0,1.0,1.0,,,1.0,0.5,0.5,,
615359,0.0,0.0,0.0,,,1.0,1.0,1.0,,
615377,1.0,1.0,0.0,,,0.5,1.0,1.0,,
615401,0.0,0.0,0.0,,,1.0,1.0,1.0,,
615411,0.0,0.0,0.0,,,1.0,1.0,1.0,,
615417,0.0,1.0,0.0,,,1.0,1.0,1.0,,
615425,1.0,1.0,0.0,,,1.0,1.0,1.0,,
615191,0.0,0.0,0.0,,,1.0,1.0,1.0,,
615485,1.0,1.0,1.0,,,1.0,1.0,0.5,,
615509,1.0,1.0,0.0,,,0.5,1.0,1.0,,
615523,0.0,0.0,0.0,,,1.0,1.0,1.0,,
615539,0.0,0.0,0.0,,,1.0,1.0,1.0,,
716159,,,1.0,1.0,1.0,,,1.0,1.0,0.5
615431,1.0,1.0,1.0,,,1.0,1.0,0.5,,
716160,,,1.0,1.0,1.0,,,1.0,1.0,0.5
716168,,,1.0,1.0,1.0,,,1.0,1.0,1.0
716176,,,1.0,1.0,1.0,,,0.5,1.0,1.0
716180,,,1.0,1.0,1.0,,,1.0,1.0,1.0
716185,,,0.0,0.0,0.0,,,1.0,1.0,1.0
613980,0.0,,0.0,0.0,,1.0,,1.0,1.0,
614499,1.0,1.0,0.0,,,1.0,1.0,1.0,,
614501,1.0,1.0,0.0,,,1.0,1.0,1.0,,
614509,0.0,0.0,0.0,,,1.0,1.0,1.0,,
614525,1.0,1.0,0.0,,,1.0,1.0,1.0,,
614537,0.0,0.0,0.0,,,1.0,1.0,1.0,,
614569,0.0,0.0,0.0,,,1.0,1.0,1.0,,
614571,0.0,0.0,0.0,,,1.0,1.0,1.0,,
614573,1.0,1.0,1.0,,,1.0,1.0,0.5,,
614581,0.0,0.0,0.0,,,1.0,1.0,1.0,,
614601,0.0,0.0,0.0,,,1.0,1.0,1.0,,
614003,1.0,,1.0,1.0,,1.0,,0.5,0.5,
614711,1.0,1.0,0.0,,,0.5,0.5,1.0,,
614727,1.0,1.0,1.0,,,1.0,1.0,1.0,,
614739,0.0,0.0,0.0,,,1.0,1.0,1.0,,
614761,1.0,1.0,1.0,,,0.5,1.0,0.5,,
614763,0.0,0.0,0.0,,,1.0,1.0,1.0,,
614779,0.0,0.0,0.0,,,1.0,1.0,1.0,,
614793,0.0,0.0,0.0,,,1.0,1.0,1.0,,
614539,1.0,1.0,0.0,,,0.5,1.0,1.0,,
614845,1.0,1.0,1.0,,,1.0,1.0,0.5,,
614865,1.0,1.0,0.0,,,1.0,1.0,1.0,,
614889,1.0,1.0,0.0,,,1.0,1.0,1.0,,
614657,1.0,1.0,0.0,,,0.5,1.0,1.0,,
614967,1.0,1.0,0.0,,,1.0,1.0,1.0,,
614979,0.0,0.0,0.0,,,1.0,1.0,1.0,,
614997,0.0,0.0,0.0,,,1.0,1.0,1.0,,
615015,0.0,0.0,0.0,,,1.0,1.0,1.0,,
614795,0.0,0.0,0.0,,,1.0,1.0,1.0,,
614799,0.0,0.0,0.0,,,1.0,1.0,1.0,,
615095,0.0,0.0,0.0,,,1.0,1.0,1.0,,
615101,0.0,0.0,0.0,,,1.0,1.0,1.0,,
615139,1.0,1.0,1.0,,,1.0,1.0,0.5,,
614913,1.0,1.0,1.0,,,1.0,1.0,0.5,,
614921,1.0,1.0,1.0,,,1.0,1.0,1.0,,
614935,0.0,0.0,0.0,,,1.0,1.0,1.0,,
615217,1.0,1.0,0.0,,,0.5,0.5,1.0,,
615229,0.0,0.0,0.0,,,1.0,1.0,1.0,,
615247,0.0,0.0,0.0,,,1.0,1.0,1.0,,
615249,1.0,1.0,0.0,,,0.5,1.0,1.0,,
3900,0.0,0.0,,,,1.0,1.0,,,
3894,0.0,0.0,,,,1.0,1.0,,,
3817,1.0,1.0,,,,0.5,1.0,,,
5222,0.0,0.0,,,,1.0,1.0,,,
5463,0.0,0.0,,,,1.0,1.0,,,
5682,1.0,1.0,,,,1.0,1.0,,,
6876,0.0,0.0,,,,1.0,1.0,,,
7328,1.0,1.0,,,,0.5,1.0,,,
7360,0.0,0.0,,,,1.0,1.0,,,
7381,0.0,0.0,,,,1.0,1.0,,,
7913,0.0,0.0,,,,1.0,1.0,,,
7969,0.0,0.0,,,,1.0,1.0,,,
3925,0.0,0.0,,,,1.0,1.0,,,
3855,0.0,0.0,,,,1.0,1.0,,,
3870,0.0,1.0,,,,1.0,0.5,,,
4427,0.0,0.0,,,,1.0,1.0,,,
10011,0.0,0.0,,,,1.0,1.0,,,
10095,0.0,0.0,,,,1.0,1.0,,,
10496,1.0,1.0,,,,1.0,1.0,,,
6569,1.0,1.0,,,,1.0,1.0,,,
6859,0.0,0.0,,,,1.0,1.0,,,
12293,0.0,0.0,,,,1.0,1.0,,,
12503,0.0,0.0,,,,1.0,1.0,,,
14627,1.0,1.0,,,,1.0,1.0,,,
14720,0.0,0.0,,,,1.0,1.0,,,
15559,1.0,1.0,,,,1.0,1.0,,,
41211,1.0,1.0,,,,1.0,1.0,,,
16213,1.0,1.0,,,,0.5,1.0,,,
8379,1.0,1.0,,,,0.5,1.0,,,
8401,1.0,1.0,,,,0.5,1.0,,,
8413,1.0,1.0,,,,1.0,1.0,,,
9405,0.0,0.0,,,,1.0,1.0,,,
9406,1.0,1.0,,,,0.5,1.0,,,
25662,0.0,0.0,,,,1.0,1.0,,,
25673,0.0,1.0,,,,1.0,0.5,,,
26042,0.0,0.0,,,,1.0,1.0,,,
26072,0.0,0.0,,,,1.0,1.0,,,
26074,0.0,0.0,,,,1.0,1.0,,,
26050,1.0,1.0,,,,0.5,0.5,,,
26030,1.0,1.0,,,,1.0,1.0,,,
26053,0.0,0.0,,,,1.0,1.0,,,
10516,0.0,0.0,,,,1.0,1.0,,,
10766,1.0,1.0,,,,1.0,1.0,,,
11150,1.0,1.0,,,,1.0,1.0,,,
11849,0.0,0.0,,,,1.0,1.0,,,
26473,0.0,0.0,,,,1.0,1.0,,,
26506,0.0,0.0,,,,1.0,1.0,,,
26536,1.0,1.0,,,,0.5,0.5,,,
27645,0.0,0.0,,,,1.0,1.0,,,
27690,1.0,1.0,,,,1.0,1.0,,,
27723,0.0,0.0,,,,1.0,1.0,,,
16254,0.0,1.0,,,,1.0,1.0,,,
16271,0.0,0.0,,,,1.0,1.0,,,
16275,1.0,1.0,,,,1.0,1.0,,,
41546,0.0,0.0,,,,1.0,1.0,,,
25548,0.0,0.0,,,,1.0,1.0,,,
25633,0.0,0.0,,,,1.0,1.0,,,
25621,0.0,0.0,,,,1.0,1.0,,,
38755,0.0,0.0,,,,1.0,1.0,,,
38757,0.0,0.0,,,,1.0,1.0,,,
38771,0.0,0.0,,,,1.0,1.0,,,
38773,0.0,0.0,,,,1.0,1.0,,,
38781,0.0,0.0,,,,1.0,1.0,,,
38785,0.0,0.0,,,,1.0,1.0,,,
26031,0.0,0.0,,,,1.0,1.0,,,
26063,0.0,0.0,,,,1.0,1.0,,,
26037,0.0,0.0,,,,1.0,1.0,,,
26241,1.0,1.0,,,,1.0,1.0,,,
38855,0.0,1.0,,,,1.0,0.5,,,
38877,0.0,0.0,,,,1.0,1.0,,,
38883,0.0,0.0,,,,1.0,1.0,,,
38887,0.0,0.0,,,,1.0,1.0,,,
38899,0.0,0.0,,,,1.0,1.0,,,
38907,0.0,0.0,,,,1.0,1.0,,,
38927,0.0,0.0,,,,1.0,1.0,,,
28234,1.0,1.0,,,,1.0,1.0,,,
28236,1.0,1.0,,,,0.5,1.0,,,
38721,0.0,0.0,,,,1.0,1.0,,,
38729,1.0,1.0,,,,0.5,1.0,,,
38751,0.0,0.0,,,,1.0,1.0,,,
38753,0.0,0.0,,,,1.0,1.0,,,
43995,0.0,1.0,,,,1.0,1.0,,,
44005,0.0,0.0,,,,1.0,1.0,,,
38819,0.0,0.0,,,,1.0,1.0,,,
38825,0.0,0.0,,,,1.0,1.0,,,
38843,0.0,0.0,,,,1.0,1.0,,,
38845,0.0,0.0,,,,1.0,1.0,,,
38849,0.0,1.0,,,,1.0,0.5,,,
38851,0.0,0.0,,,,1.0,1.0,,,
44029,1.0,1.0,,,,1.0,1.0,,,
44031,0.0,0.0,,,,1.0,1.0,,,
44033,0.0,0.0,,,,1.0,1.0,,,
44041,0.0,1.0,,,,1.0,0.5,,,
40241,1.0,1.0,,,,1.0,1.0,,,
41031,1.0,1.0,,,,1.0,1.0,,,
41466,0.0,0.0,,,,1.0,1.0,,,
41677,1.0,1.0,,,,1.0,1.0,,,
41797,1.0,1.0,,,,1.0,1.0,,,
44055,0.0,0.0,,,,1.0,1.0,,,
44057,0.0,0.0,,,,1.0,1.0,,,
44059,0.0,0.0,,,,1.0,1.0,,,
44063,1.0,1.0,,,,0.5,0.5,,,
44065,0.0,0.0,,,,1.0,1.0,,,
44009,1.0,1.0,,,,0.5,1.0,,,
44019,1.0,1.0,,,,1.0,1.0,,,
44022,0.0,0.0,,,,1.0,1.0,,,
44083,0.0,0.0,,,,1.0,1.0,,,
44087,0.0,0.0,,,,1.0,1.0,,,
44089,1.0,1.0,,,,1.0,1.0,,,
44091,0.0,0.0,,,,1.0,1.0,,,
44093,0.0,0.0,,,,1.0,1.0,,,
44095,0.0,0.0,,,,1.0,1.0,,,
44097,0.0,0.0,,,,1.0,1.0,,,
44043,0.0,0.0,,,,1.0,1.0,,,
44045,0.0,0.0,,,,1.0,1.0,,,
44049,0.0,0.0,,,,1.0,1.0,,,
44053,0.0,1.0,,,,1.0,1.0,,,
45045,1.0,1.0,,,,1.0,1.0,,,
45126,0.0,0.0,,,,1.0,1.0,,,
45136,0.0,1.0,,,,1.0,0.5,,,
45138,0.0,0.0,,,,1.0,1.0,,,
45144,1.0,1.0,,,,1.0,1.0,,,
45146,0.0,1.0,,,,1.0,0.5,,,
45148,0.0,0.0,,,,1.0,1.0,,,
45152,0.0,0.0,,,,1.0,1.0,,,
44067,0.0,0.0,,,,1.0,1.0,,,
44069,1.0,0.0,,,,0.5,1.0,,,
44071,0.0,0.0,,,,1.0,1.0,,,
44073,0.0,0.0,,,,1.0,1.0,,,
44077,0.0,0.0,,,,1.0,1.0,,,
44079,0.0,0.0,,,,1.0,1.0,,,
45216,0.0,0.0,,,,1.0,1.0,,,
45218,0.0,1.0,,,,1.0,1.0,,,
45228,0.0,0.0,,,,1.0,1.0,,,
45234,1.0,1.0,,,,1.0,1.0,,,
45236,1.0,1.0,,,,0.5,1.0,,,
45238,1.0,1.0,,,,1.0,1.0,,,
45242,0.0,0.0,,,,1.0,1.0,,,
44101,0.0,1.0,,,,1.0,0.5,,,
44103,0.0,0.0,,,,1.0,1.0,,,
44105,0.0,1.0,,,,1.0,0.5,,,
44107,0.0,0.0,,,,1.0,1.0,,,
44111,0.0,0.0,,,,1.0,1.0,,,
45272,0.0,0.0,,,,1.0,1.0,,,
45276,1.0,1.0,,,,0.5,1.0,,,
45290,1.0,1.0,,,,1.0,1.0,,,
45292,0.0,0.0,,,,1.0,1.0,,,
45298,1.0,1.0,,,,0.5,0.5,,,
45302,0.0,0.0,,,,1.0,1.0,,,
45304,1.0,1.0,,,,0.5,1.0,,,
45160,1.0,1.0,,,,0.5,1.0,,,
45176,1.0,1.0,,,,1.0,1.0,,,
45182,0.0,0.0,,,,1.0,1.0,,,
45198,1.0,1.0,,,,1.0,1.0,,,
45202,1.0,1.0,,,,1.0,1.0,,,
45206,0.0,0.0,,,,1.0,1.0,,,
45208,0.0,0.0,,,,1.0,1.0,,,
45346,1.0,1.0,,,,1.0,1.0,,,
45350,1.0,1.0,,,,0.5,1.0,,,
45354,0.0,0.0,,,,1.0,1.0,,,
45362,0.0,0.0,,,,1.0,1.0,,,
45364,1.0,1.0,,,,0.5,1.0,,,
45366,0.0,0.0,,,,1.0,1.0,,,
45368,0.0,0.0,,,,1.0,1.0,,,
45244,0.0,0.0,,,,1.0,1.0,,,
45246,0.0,0.0,,,,1.0,1.0,,,
45250,1.0,1.0,,,,0.5,1.0,,,
45254,1.0,1.0,,,,1.0,1.0,,,
45256,1.0,1.0,,,,1.0,1.0,,,
45268,0.0,0.0,,,,1.0,1.0,,,
45270,0.0,0.0,,,,1.0,1.0,,,
45394,1.0,1.0,,,,1.0,1.0,,,
45396,1.0,1.0,,,,1.0,1.0,,,
45398,1.0,1.0,,,,1.0,1.0,,,
45402,1.0,1.0,,,,1.0,1.0,,,
45404,0.0,0.0,,,,1.0,1.0,,,
45410,1.0,1.0,,,,1.0,1.0,,,
45416,0.0,0.0,,,,1.0,1.0,,,
45422,1.0,1.0,,,,1.0,1.0,,,
45314,0.0,0.0,,,,1.0,1.0,,,
45316,0.0,0.0,,,,1.0,1.0,,,
45326,0.0,0.0,,,,1.0,1.0,,,
45332,0.0,0.0,,,,1.0,1.0,,,
45338,1.0,1.0,,,,0.5,1.0,,,
45340,1.0,1.0,,,,1.0,1.0,,,
46682,0.0,0.0,,,,1.0,1.0,,,
46684,1.0,1.0,,,,0.5,1.0,,,
46690,0.0,0.0,,,,1.0,1.0,,,
46694,1.0,1.0,,,,1.0,1.0,,,
46698,0.0,1.0,,,,1.0,0.5,,,
46704,0.0,0.0,,,,1.0,1.0,,,
46710,1.0,1.0,,,,0.5,1.0,,,
50506,1.0,1.0,,,,1.0,1.0,,,
50514,0.0,0.0,,,,1.0,1.0,,,
45374,0.0,1.0,,,,1.0,0.5,,,
45376,0.0,0.0,,,,1.0,1.0,,,
45382,0.0,0.0,,,,1.0,1.0,,,
45384,1.0,1.0,,,,0.5,0.5,,,
45386,0.0,0.0,,,,1.0,1.0,,,
45388,0.0,0.0,,,,1.0,1.0,,,
45392,1.0,1.0,,,,0.5,1.0,,,
52240,1.0,1.0,,,,0.5,1.0,,,
52835,1.0,1.0,,,,0.5,1.0,,,
52837,1.0,1.0,,,,1.0,1.0,,,
52839,0.0,0.0,,,,1.0,1.0,,,
52841,0.0,0.0,,,,1.0,1.0,,,
45424,0.0,0.0,,,,1.0,1.0,,,
45434,1.0,1.0,,,,1.0,1.0,,,
45436,1.0,1.0,,,,1.0,1.0,,,
45438,0.0,0.0,,,,1.0,1.0,,,
45440,1.0,1.0,,,,0.5,1.0,,,
46680,1.0,1.0,,,,1.0,1.0,,,
51630,0.0,0.0,,,,1.0,1.0,,,
51827,0.0,0.0,,,,1.0,1.0,,,
51940,1.0,1.0,,,,0.5,1.0,,,
52020,0.0,0.0,,,,1.0,1.0,,,
52094,1.0,1.0,,,,1.0,1.0,,,
55846,0.0,0.0,,,,1.0,1.0,,,
56027,0.0,0.0,,,,1.0,1.0,,,
56151,0.0,0.0,,,,1.0,1.0,,,
57234,1.0,1.0,,,,1.0,1.0,,,
57455,0.0,1.0,,,,1.0,1.0,,,
58808,1.0,1.0,,,,1.0,1.0,,,
58810,0.0,0.0,,,,1.0,1.0,,,
58811,0.0,0.0,,,,1.0,1.0,,,
60091,1.0,1.0,,,,0.5,0.5,,,
60115,1.0,1.0,,,,1.0,1.0,,,
60758,1.0,1.0,,,,0.5,1.0,,,
61092,1.0,1.0,,,,0.5,1.0,,,
61098,1.0,1.0,,,,0.5,1.0,,,
61100,0.0,0.0,,,,1.0,1.0,,,
61104,0.0,0.0,,,,1.0,1.0,,,
61108,1.0,1.0,,,,0.5,1.0,,,
61110,0.0,0.0,,,,1.0,1.0,,,
61118,0.0,0.0,,,,1.0,1.0,,,
61122,1.0,1.0,,,,1.0,1.0,,,
61128,0.0,0.0,,,,1.0,1.0,,,
61132,1.0,1.0,,,,1.0,1.0,,,
61146,0.0,0.0,,,,1.0,1.0,,,
61150,0.0,1.0,,,,1.0,1.0,,,
61152,1.0,1.0,,,,0.5,1.0,,,
61160,1.0,1.0,,,,0.5,1.0,,,
59255,0.0,0.0,,,,1.0,1.0,,,
66313,0.0,0.0,,,,1.0,1.0,,,
66720,0.0,0.0,,,,1.0,1.0,,,
66756,0.0,0.0,,,,1.0,1.0,,,
66815,0.0,0.0,,,,1.0,1.0,,,
66819,0.0,0.0,,,,1.0,1.0,,,
66886,0.0,0.0,,,,1.0,1.0,,,
66968,0.0,1.0,,,,1.0,0.5,,,
66980,1.0,0.0,,,,0.5,1.0,,,
61124,0.0,0.0,,,,1.0,1.0,,,
61126,0.0,0.0,,,,1.0,1.0,,,
67029,1.0,1.0,,,,0.5,1.0,,,
68140,0.0,1.0,,,,1.0,1.0,,,
68813,1.0,1.0,,,,1.0,1.0,,,
69029,0.0,0.0,,,,1.0,1.0,,,
73148,1.0,1.0,,,,1.0,1.0,,,
73543,0.0,0.0,,,,1.0,1.0,,,
73555,1.0,1.0,,,,1.0,1.0,,,
73567,0.0,0.0,,,,1.0,1.0,,,
73569,1.0,1.0,,,,0.5,1.0,,,
75109,0.0,0.0,,,,1.0,1.0,,,
75093,0.0,0.0,,,,1.0,1.0,,,
75071,1.0,1.0,,,,1.0,1.0,,,
74947,1.0,1.0,,,,0.5,1.0,,,
74999,1.0,1.0,,,,1.0,1.0,,,
66990,0.0,0.0,,,,1.0,1.0,,,
74991,1.0,1.0,,,,1.0,1.0,,,
75739,0.0,1.0,,,,1.0,1.0,,,
77418,1.0,1.0,,,,1.0,1.0,,,
79371,0.0,0.0,,,,1.0,1.0,,,
80987,0.0,0.0,,,,1.0,1.0,,,
80989,0.0,0.0,,,,1.0,1.0,,,
75041,1.0,1.0,,,,1.0,1.0,,,
81007,0.0,0.0,,,,1.0,1.0,,,
81009,0.0,0.0,,,,1.0,1.0,,,
81013,0.0,0.0,,,,1.0,1.0,,,
81017,0.0,0.0,,,,1.0,1.0,,,
81798,1.0,1.0,,,,1.0,1.0,,,
81802,1.0,1.0,,,,0.5,0.5,,,
81830,1.0,1.0,,,,1.0,1.0,,,
81840,0.0,1.0,,,,1.0,1.0,,,
81852,0.0,0.0,,,,1.0,1.0,,,
81854,0.0,0.0,,,,1.0,1.0,,,
81860,1.0,1.0,,,,1.0,1.0,,,
81870,0.0,0.0,,,,1.0,1.0,,,
74965,1.0,1.0,,,,0.5,0.5,,,
81906,0.0,0.0,,,,1.0,1.0,,,
81918,0.0,0.0,,,,1.0,1.0,,,
81924,0.0,0.0,,,,1.0,1.0,,,
81928,1.0,1.0,,,,0.5,0.5,,,
81932,1.0,1.0,,,,1.0,1.0,,,
81946,1.0,1.0,,,,1.0,1.0,,,
81948,1.0,1.0,,,,1.0,1.0,,,
84915,0.0,0.0,,,,1.0,1.0,,,
84917,0.0,0.0,,,,1.0,1.0,,,
86643,1.0,1.0,,,,1.0,1.0,,,
86891,1.0,1.0,,,,1.0,1.0,,,
80993,0.0,0.0,,,,1.0,1.0,,,
80997,0.0,0.0,,,,1.0,1.0,,,
87223,1.0,1.0,,,,1.0,1.0,,,
89943,0.0,1.0,,,,1.0,0.5,,,
89951,0.0,0.0,,,,1.0,1.0,,,
89963,0.0,0.0,,,,1.0,1.0,,,
89975,0.0,0.0,,,,1.0,1.0,,,
89987,0.0,0.0,,,,1.0,1.0,,,
89993,0.0,0.0,,,,1.0,1.0,,,
89997,1.0,1.0,,,,0.5,0.5,,,
92056,1.0,1.0,,,,1.0,1.0,,,
91778,1.0,1.0,,,,0.5,1.0,,,
93448,1.0,1.0,,,,1.0,1.0,,,
94142,1.0,1.0,,,,1.0,1.0,,,
93244,1.0,1.0,,,,1.0,1.0,,,
94863,0.0,1.0,,,,1.0,0.5,,,
94943,1.0,1.0,,,,1.0,1.0,,,
94965,0.0,0.0,,,,1.0,1.0,,,
95067,1.0,1.0,,,,1.0,1.0,,,
95089,1.0,1.0,,,,0.5,1.0,,,
93646,1.0,1.0,,,,1.0,1.0,,,
95526,1.0,1.0,,,,1.0,1.0,,,
95534,1.0,1.0,,,,1.0,1.0,,,
95758,0.0,0.0,,,,1.0,1.0,,,
95812,0.0,1.0,,,,1.0,0.5,,,
95830,1.0,1.0,,,,1.0,1.0,,,
94707,0.0,1.0,,,,1.0,0.5,,,
94739,1.0,1.0,,,,1.0,1.0,,,
94843,0.0,1.0,,,,1.0,0.5,,,
96074,0.0,1.0,,,,1.0,1.0,,,
96100,1.0,1.0,,,,1.0,1.0,,,
96108,1.0,1.0,,,,1.0,1.0,,,
96122,1.0,1.0,,,,1.0,1.0,,,
96140,1.0,1.0,,,,1.0,1.0,,,
96156,0.0,1.0,,,,1.0,0.5,,,
96208,1.0,1.0,,,,0.5,0.5,,,
95197,0.0,0.0,,,,1.0,1.0,,,
95246,0.0,1.0,,,,1.0,0.5,,,
95332,0.0,0.0,,,,1.0,1.0,,,
96594,1.0,1.0,,,,1.0,1.0,,,
96636,0.0,1.0,,,,1.0,0.5,,,
96714,0.0,0.0,,,,1.0,1.0,,,
96768,1.0,1.0,,,,1.0,1.0,,,
97035,0.0,0.0,,,,1.0,1.0,,,
97045,0.0,0.0,,,,1.0,1.0,,,
97075,1.0,1.0,,,,1.0,1.0,,,
95874,1.0,1.0,,,,1.0,1.0,,,
95962,1.0,1.0,,,,1.0,1.0,,,
95964,0.0,0.0,,,,1.0,1.0,,,
96038,1.0,1.0,,,,1.0,1.0,,,
96268,1.0,1.0,,,,1.0,1.0,,,
96390,1.0,1.0,,,,1.0,1.0,,,
96409,1.0,1.0,,,,1.0,1.0,,,
96526,1.0,1.0,,,,0.5,1.0,,,
96530,0.0,1.0,,,,1.0,0.5,,,
97983,1.0,1.0,,,,1.0,1.0,,,
103236,0.0,0.0,,,,1.0,1.0,,,
112992,1.0,1.0,,,,0.5,1.0,,,
112996,0.0,1.0,,,,1.0,1.0,,,
113030,0.0,1.0,,,,1.0,0.5,,,
113038,0.0,1.0,,,,1.0,1.0,,,
113044,0.0,0.0,,,,1.0,1.0,,,
113006,0.0,1.0,,,,1.0,1.0,,,
61102,0.0,0.0,,,,1.0,1.0,,,
61094,0.0,0.0,,,,1.0,1.0,,,
61090,1.0,1.0,,,,0.5,1.0,,,
207308,0.0,0.0,,,,1.0,1.0,,,
235686,1.0,1.0,,,,0.5,1.0,,,
235734,1.0,1.0,,,,1.0,1.0,,,
257932,0.0,0.0,,,,1.0,1.0,,,
60958,1.0,1.0,,,,1.0,1.0,,,
60698,0.0,0.0,,,,1.0,1.0,,,
60644,1.0,1.0,,,,0.5,1.0,,,
60103,1.0,1.0,,,,0.5,0.5,,,
60099,1.0,1.0,,,,1.0,1.0,,,
59261,0.0,0.0,,,,1.0,1.0,,,
59259,0.0,0.0,,,,1.0,1.0,,,
52914,0.0,0.0,,,,1.0,1.0,,,
58813,1.0,1.0,,,,1.0,1.0,,,
57113,1.0,1.0,,,,1.0,1.0,,,
57001,0.0,1.0,,,,1.0,1.0,,,
56345,1.0,1.0,,,,1.0,1.0,,,
56205,0.0,0.0,,,,1.0,1.0,,,
66748,0.0,0.0,,,,1.0,1.0,,,
66830,0.0,0.0,,,,1.0,1.0,,,
66832,0.0,0.0,,,,1.0,1.0,,,
66914,1.0,1.0,,,,1.0,1.0,,,
66938,0.0,1.0,,,,1.0,0.5,,,
56173,1.0,1.0,,,,0.5,0.5,,,
55929,1.0,1.0,,,,1.0,1.0,,,
54604,0.0,0.0,,,,1.0,1.0,,,
61142,1.0,1.0,,,,1.0,1.0,,,
68138,0.0,0.0,,,,1.0,1.0,,,
68979,0.0,0.0,,,,1.0,1.0,,,
69478,0.0,0.0,,,,1.0,1.0,,,
73535,1.0,1.0,,,,1.0,1.0,,,
73541,0.0,0.0,,,,1.0,1.0,,,
73549,0.0,1.0,,,,1.0,0.5,,,
73551,0.0,0.0,,,,1.0,1.0,,,
66267,0.0,0.0,,,,1.0,1.0,,,
75047,0.0,1.0,,,,1.0,1.0,,,
75101,0.0,0.0,,,,1.0,1.0,,,
75133,0.0,0.0,,,,1.0,1.0,,,
67005,0.0,1.0,,,,1.0,0.5,,,
67019,1.0,1.0,,,,1.0,1.0,,,
74897,1.0,1.0,,,,1.0,1.0,,,
59257,1.0,1.0,,,,1.0,0.5,,,
74969,1.0,1.0,,,,0.5,1.0,,,
74987,0.0,0.0,,,,1.0,1.0,,,
73557,0.0,1.0,,,,1.0,1.0,,,
73561,1.0,1.0,,,,0.5,1.0,,,
73565,1.0,1.0,,,,1.0,1.0,,,
75077,1.0,1.0,,,,1.0,1.0,,,
77318,1.0,1.0,,,,1.0,0.5,,,
77372,0.0,0.0,,,,1.0,1.0,,,
79459,0.0,0.0,,,,1.0,1.0,,,
80671,0.0,0.0,,,,1.0,1.0,,,
80755,0.0,0.0,,,,1.0,1.0,,,
80985,0.0,0.0,,,,1.0,1.0,,,
80999,0.0,0.0,,,,1.0,1.0,,,
81001,0.0,0.0,,,,1.0,1.0,,,
81816,1.0,1.0,,,,1.0,1.0,,,
81818,0.0,0.0,,,,1.0,1.0,,,
81836,0.0,0.0,,,,1.0,1.0,,,
81844,0.0,0.0,,,,1.0,1.0,,,
81856,1.0,1.0,,,,1.0,1.0,,,
81858,1.0,1.0,,,,0.5,1.0,,,
81902,1.0,1.0,,,,1.0,1.0,,,
81908,0.0,0.0,,,,1.0,1.0,,,
82136,0.0,0.0,,,,1.0,1.0,,,
84919,0.0,0.0,,,,1.0,1.0,,,
84923,0.0,0.0,,,,1.0,1.0,,,
84929,1.0,0.0,,,,0.5,1.0,,,
84933,1.0,1.0,,,,0.5,0.5,,,
89035,0.0,0.0,,,,1.0,1.0,,,
89941,0.0,0.0,,,,1.0,1.0,,,
81019,0.0,0.0,,,,1.0,1.0,,,
81780,1.0,1.0,,,,1.0,1.0,,,
81810,0.0,0.0,,,,1.0,1.0,,,
90011,1.0,1.0,,,,1.0,1.0,,,
81914,1.0,1.0,,,,0.5,1.0,,,
54403,1.0,1.0,,,,1.0,1.0,,,
236035,1.0,1.0,,,,1.0,1.0,,,
92736,1.0,1.0,,,,0.5,1.0,,,
89967,1.0,1.0,,,,0.5,1.0,,,
89983,1.0,1.0,,,,1.0,1.0,,,
3811,0.0,0.0,,,,1.0,1.0,,,
3929,0.0,0.0,,,,1.0,1.0,,,
40561,0.0,0.0,,,,1.0,1.0,,,
5708,1.0,1.0,,,,1.0,1.0,,,
2986,1.0,1.0,,,,1.0,1.0,,,
3819,0.0,0.0,,,,1.0,1.0,,,
3831,1.0,1.0,,,,0.5,1.0,,,
8040,1.0,1.0,,,,1.0,1.0,,,
8601,0.0,1.0,,,,1.0,1.0,,,
8612,0.0,0.0,,,,1.0,1.0,,,
9270,0.0,1.0,,,,1.0,0.5,,,
9342,0.0,0.0,,,,1.0,1.0,,,
3896,0.0,0.0,,,,1.0,1.0,,,
9988,0.0,0.0,,,,1.0,1.0,,,
10003,0.0,0.0,,,,1.0,1.0,,,
10157,1.0,1.0,,,,1.0,1.0,,,
10719,0.0,0.0,,,,1.0,1.0,,,
11338,1.0,1.0,,,,0.5,1.0,,,
11845,1.0,1.0,,,,1.0,1.0,,,
40495,0.0,0.0,,,,1.0,1.0,,,
12528,1.0,1.0,,,,1.0,1.0,,,
12531,1.0,1.0,,,,0.5,1.0,,,
6540,0.0,1.0,,,,1.0,1.0,,,
7350,0.0,0.0,,,,1.0,1.0,,,
25637,1.0,1.0,,,,0.5,0.5,,,
25688,0.0,0.0,,,,1.0,1.0,,,
26071,0.0,1.0,,,,1.0,0.5,,,
26034,0.0,0.0,,,,1.0,1.0,,,
26206,0.0,0.0,,,,1.0,1.0,,,
9632,0.0,0.0,,,,1.0,1.0,,,
9641,0.0,1.0,,,,1.0,0.5,,,
40059,0.0,0.0,,,,1.0,1.0,,,
27749,0.0,0.0,,,,1.0,1.0,,,
28247,1.0,1.0,,,,1.0,1.0,,,
28233,1.0,1.0,,,,1.0,1.0,,,
28242,0.0,0.0,,,,1.0,1.0,,,
28241,0.0,0.0,,,,1.0,1.0,,,
28238,0.0,0.0,,,,1.0,1.0,,,
38711,0.0,0.0,,,,1.0,1.0,,,
38713,0.0,0.0,,,,1.0,1.0,,,
12587,0.0,0.0,,,,1.0,1.0,,,
14669,0.0,1.0,,,,1.0,0.5,,,
14727,0.0,0.0,,,,1.0,1.0,,,
40135,1.0,1.0,,,,0.5,0.5,,,
15558,1.0,1.0,,,,0.5,1.0,,,
25583,0.0,0.0,,,,1.0,1.0,,,
38807,0.0,0.0,,,,1.0,1.0,,,
38821,0.0,0.0,,,,1.0,1.0,,,
38827,0.0,0.0,,,,1.0,1.0,,,
38861,0.0,0.0,,,,1.0,1.0,,,
38865,0.0,0.0,,,,1.0,1.0,,,
26212,0.0,0.0,,,,1.0,1.0,,,
26231,1.0,1.0,,,,1.0,1.0,,,
39959,0.0,0.0,,,,1.0,1.0,,,
26478,0.0,0.0,,,,1.0,1.0,,,
26512,0.0,0.0,,,,1.0,1.0,,,
27085,1.0,1.0,,,,1.0,1.0,,,
38925,0.0,0.0,,,,1.0,1.0,,,
38929,0.0,0.0,,,,1.0,1.0,,,
39953,1.0,1.0,,,,1.0,1.0,,,
41280,0.0,0.0,,,,1.0,1.0,,,
44000,1.0,1.0,,,,0.5,1.0,,,
38727,0.0,1.0,,,,1.0,0.5,,,
38741,0.0,0.0,,,,1.0,1.0,,,
38765,0.0,0.0,,,,1.0,1.0,,,
38767,0.0,0.0,,,,1.0,1.0,,,
44021,0.0,0.0,,,,1.0,1.0,,,
44025,1.0,1.0,,,,1.0,1.0,,,
44026,1.0,1.0,,,,1.0,1.0,,,
44028,0.0,0.0,,,,1.0,1.0,,,
44030,0.0,0.0,,,,1.0,1.0,,,
44037,0.0,0.0,,,,1.0,1.0,,,
38871,0.0,0.0,,,,1.0,1.0,,,
38873,0.0,0.0,,,,1.0,1.0,,,
38879,0.0,1.0,,,,1.0,0.5,,,
38885,0.0,0.0,,,,1.0,1.0,,,
38891,0.0,0.0,,,,1.0,1.0,,,
38915,0.0,0.0,,,,1.0,1.0,,,
44075,1.0,1.0,,,,1.0,1.0,,,
44006,1.0,1.0,,,,0.5,1.0,,,
44007,0.0,0.0,,,,1.0,1.0,,,
44109,0.0,0.0,,,,1.0,1.0,,,
45037,1.0,1.0,,,,1.0,1.0,,,
44039,0.0,0.0,,,,1.0,1.0,,,
44047,0.0,0.0,,,,1.0,1.0,,,
45162,1.0,1.0,,,,1.0,1.0,,,
45164,1.0,1.0,,,,1.0,1.0,,,
45166,0.0,0.0,,,,1.0,1.0,,,
45168,1.0,1.0,,,,1.0,1.0,,,
45170,0.0,1.0,,,,1.0,0.5,,,
45172,0.0,0.0,,,,1.0,1.0,,,
45174,1.0,1.0,,,,1.0,1.0,,,
45180,0.0,0.0,,,,1.0,1.0,,,
44081,1.0,1.0,,,,0.5,0.5,,,
44085,0.0,0.0,,,,1.0,1.0,,,
45214,0.0,0.0,,,,1.0,1.0,,,
45220,1.0,1.0,,,,1.0,1.0,,,
45226,0.0,0.0,,,,1.0,1.0,,,
45232,1.0,1.0,,,,1.0,1.0,,,
45240,1.0,1.0,,,,1.0,1.0,,,
45252,1.0,1.0,,,,1.0,1.0,,,
45258,0.0,0.0,,,,1.0,1.0,,,
45260,0.0,1.0,,,,1.0,0.5,,,
45262,0.0,0.0,,,,1.0,1.0,,,
45039,0.0,0.0,,,,1.0,1.0,,,
45041,1.0,1.0,,,,1.0,1.0,,,
45043,0.0,0.0,,,,1.0,1.0,,,
45130,1.0,1.0,,,,1.0,1.0,,,
45132,1.0,1.0,,,,1.0,1.0,,,
45142,1.0,1.0,,,,1.0,1.0,,,
45154,0.0,1.0,,,,1.0,1.0,,,
45324,1.0,1.0,,,,1.0,1.0,,,
45328,0.0,0.0,,,,1.0,1.0,,,
45330,1.0,1.0,,,,1.0,1.0,,,
45336,0.0,0.0,,,,1.0,1.0,,,
45342,1.0,1.0,,,,1.0,1.0,,,
45344,1.0,1.0,,,,1.0,1.0,,,
45348,1.0,1.0,,,,1.0,1.0,,,
45356,0.0,0.0,,,,1.0,1.0,,,
45184,1.0,1.0,,,,1.0,1.0,,,
45188,1.0,1.0,,,,1.0,1.0,,,
45192,0.0,0.0,,,,1.0,1.0,,,
45196,1.0,1.0,,,,1.0,1.0,,,
45200,0.0,0.0,,,,1.0,1.0,,,
45204,0.0,1.0,,,,1.0,0.5,,,
45406,0.0,0.0,,,,1.0,1.0,,,
45414,0.0,0.0,,,,1.0,1.0,,,
45418,1.0,1.0,,,,1.0,1.0,,,
45420,0.0,1.0,,,,1.0,0.5,,,
45426,0.0,0.0,,,,1.0,1.0,,,
45428,0.0,0.0,,,,1.0,1.0,,,
46686,1.0,1.0,,,,1.0,1.0,,,
46688,0.0,0.0,,,,1.0,1.0,,,
46692,0.0,0.0,,,,1.0,1.0,,,
45266,0.0,0.0,,,,1.0,1.0,,,
45274,0.0,0.0,,,,1.0,1.0,,,
45282,1.0,1.0,,,,1.0,1.0,,,
45284,1.0,1.0,,,,1.0,1.0,,,
45286,0.0,0.0,,,,1.0,1.0,,,
45300,1.0,1.0,,,,1.0,1.0,,,
45318,1.0,1.0,,,,0.5,1.0,,,
51657,1.0,1.0,,,,0.5,1.0,,,
52034,1.0,1.0,,,,0.5,1.0,,,
52273,0.0,0.0,,,,1.0,1.0,,,
52475,0.0,0.0,,,,1.0,1.0,,,
52823,0.0,0.0,,,,1.0,1.0,,,
45358,0.0,0.0,,,,1.0,1.0,,,
45370,1.0,0.0,,,,0.5,1.0,,,
45372,0.0,0.0,,,,1.0,1.0,,,
45378,0.0,0.0,,,,1.0,1.0,,,
45380,1.0,1.0,,,,1.0,1.0,,,
45390,1.0,1.0,,,,1.0,1.0,,,
45400,0.0,0.0,,,,1.0,1.0,,,
52825,0.0,0.0,,,,1.0,1.0,,,
52827,0.0,0.0,,,,1.0,1.0,,,
52829,1.0,1.0,,,,1.0,1.0,,,
52831,0.0,0.0,,,,1.0,1.0,,,
46696,0.0,0.0,,,,1.0,1.0,,,
46700,0.0,0.0,,,,1.0,1.0,,,
46708,0.0,0.0,,,,1.0,1.0,,,
50508,1.0,1.0,,,,1.0,1.0,,,
50510,0.0,0.0,,,,1.0,1.0,,,
50512,0.0,0.0,,,,1.0,1.0,,,
59265,0.0,0.0,,,,1.0,1.0,,,
54404,1.0,1.0,,,,1.0,1.0,,,
61134,0.0,0.0,,,,1.0,1.0,,,
56091,0.0,0.0,,,,1.0,1.0,,,
56111,0.0,0.0,,,,1.0,1.0,,,
56143,0.0,0.0,,,,1.0,1.0,,,
56495,0.0,0.0,,,,1.0,1.0,,,
57097,0.0,0.0,,,,1.0,1.0,,,
57268,0.0,0.0,,,,1.0,1.0,,,
66817,0.0,0.0,,,,1.0,1.0,,,
66820,0.0,0.0,,,,1.0,1.0,,,
66824,0.0,0.0,,,,1.0,1.0,,,
66834,0.0,0.0,,,,1.0,1.0,,,
59345,0.0,0.0,,,,1.0,1.0,,,
60101,0.0,0.0,,,,1.0,1.0,,,
60640,0.0,0.0,,,,1.0,1.0,,,
60650,1.0,1.0,,,,1.0,1.0,,,
61116,1.0,1.0,,,,1.0,1.0,,,
68130,0.0,0.0,,,,1.0,1.0,,,
68993,0.0,0.0,,,,1.0,1.0,,,
66814,0.0,0.0,,,,1.0,1.0,,,
75073,0.0,0.0,,,,1.0,1.0,,,
75049,0.0,0.0,,,,1.0,1.0,,,
66835,0.0,0.0,,,,1.0,1.0,,,
66876,0.0,0.0,,,,1.0,1.0,,,
66898,0.0,0.0,,,,1.0,1.0,,,
66916,0.0,0.0,,,,1.0,1.0,,,
73474,1.0,1.0,,,,0.5,1.0,,,
80685,0.0,0.0,,,,1.0,1.0,,,
80717,0.0,0.0,,,,1.0,1.0,,,
81015,0.0,0.0,,,,1.0,1.0,,,
81804,1.0,1.0,,,,1.0,1.0,,,
81820,1.0,1.0,,,,1.0,1.0,,,
82066,1.0,1.0,,,,1.0,1.0,,,
84913,0.0,0.0,,,,1.0,1.0,,,
84925,0.0,0.0,,,,1.0,1.0,,,
84927,0.0,0.0,,,,1.0,1.0,,,
84931,0.0,0.0,,,,1.0,1.0,,,
75717,0.0,0.0,,,,1.0,1.0,,,
75719,1.0,1.0,,,,1.0,1.0,,,
77322,1.0,1.0,,,,1.0,1.0,,,
77712,1.0,1.0,,,,1.0,1.0,,,
89043,0.0,0.0,,,,1.0,1.0,,,
89047,0.0,1.0,,,,1.0,0.5,,,
90001,0.0,0.0,,,,1.0,1.0,,,
81824,0.0,0.0,,,,1.0,1.0,,,
81826,1.0,1.0,,,,1.0,1.0,,,
81850,0.0,0.0,,,,1.0,1.0,,,
81926,0.0,1.0,,,,1.0,1.0,,,
81934,1.0,1.0,,,,0.5,1.0,,,
81940,1.0,1.0,,,,1.0,1.0,,,
91676,1.0,1.0,,,,1.0,1.0,,,
84937,0.0,0.0,,,,1.0,1.0,,,
84945,0.0,0.0,,,,1.0,1.0,,,
86663,1.0,1.0,,,,0.5,0.5,,,
89037,1.0,1.0,,,,0.5,0.5,,,
90005,0.0,1.0,,,,1.0,0.5,,,
90025,0.0,0.0,,,,1.0,1.0,,,
90031,0.0,0.0,,,,1.0,1.0,,,
90033,1.0,1.0,,,,0.5,1.0,,,
93868,1.0,1.0,,,,0.5,1.0,,,
94048,1.0,1.0,,,,1.0,1.0,,,
94660,0.0,1.0,,,,1.0,1.0,,,
94713,0.0,0.0,,,,1.0,1.0,,,
94773,1.0,1.0,,,,1.0,1.0,,,
94847,1.0,1.0,,,,1.0,1.0,,,
94855,0.0,0.0,,,,1.0,1.0,,,
94883,0.0,1.0,,,,1.0,0.5,,,
94999,1.0,1.0,,,,1.0,1.0,,,
95013,1.0,1.0,,,,1.0,1.0,,,
95216,0.0,0.0,,,,1.0,1.0,,,
95222,1.0,1.0,,,,1.0,1.0,,,
95230,1.0,1.0,,,,0.5,1.0,,,
95250,1.0,1.0,,,,1.0,1.0,,,
95312,1.0,1.0,,,,1.0,1.0,,,
95370,0.0,0.0,,,,1.0,1.0,,,
95404,0.0,0.0,,,,1.0,1.0,,,
95420,1.0,1.0,,,,1.0,1.0,,,
95424,1.0,1.0,,,,1.0,1.0,,,
95720,1.0,1.0,,,,0.5,1.0,,,
95794,0.0,0.0,,,,1.0,1.0,,,
95816,0.0,0.0,,,,1.0,1.0,,,
95844,1.0,1.0,,,,1.0,1.0,,,
95902,1.0,1.0,,,,0.5,1.0,,,
96961,1.0,1.0,,,,1.0,1.0,,,
97179,1.0,1.0,,,,1.0,1.0,,,
103050,1.0,1.0,,,,1.0,1.0,,,
103068,1.0,1.0,,,,1.0,1.0,,,
103100,0.0,0.0,,,,1.0,1.0,,,
108904,0.0,0.0,,,,1.0,1.0,,,
109158,0.0,1.0,,,,1.0,1.0,,,
95992,1.0,1.0,,,,1.0,1.0,,,
95998,0.0,0.0,,,,1.0,1.0,,,
96046,1.0,1.0,,,,1.0,1.0,,,
96162,1.0,1.0,,,,1.0,1.0,,,
96244,1.0,1.0,,,,1.0,1.0,,,
96506,0.0,0.0,,,,1.0,1.0,,,
96528,0.0,0.0,,,,1.0,1.0,,,
96969,0.0,0.0,,,,1.0,1.0,,,
97021,1.0,1.0,,,,0.5,1.0,,,
97077,1.0,1.0,,,,0.5,1.0,,,
97851,1.0,1.0,,,,0.5,1.0,,,
97903,1.0,1.0,,,,1.0,1.0,,,
113024,1.0,1.0,,,,0.5,1.0,,,
115777,0.0,0.0,,,,1.0,1.0,,,
112980,0.0,1.0,,,,1.0,0.5,,,
112994,0.0,1.0,,,,1.0,1.0,,,
149233,0.0,1.0,,,,1.0,0.5,,,
235738,1.0,1.0,,,,0.5,1.0,,,
146165,0.0,0.0,,,,1.0,1.0,,,
257950,0.0,0.0,,,,1.0,1.0,,,
257954,0.0,0.0,,,,1.0,1.0,,,
95179,1.0,1.0,,,,1.0,1.0,,,
235684,0.0,0.0,,,,1.0,1.0,,,
235732,1.0,1.0,,,,0.5,1.0,,,
257956,0.0,0.0,,,,1.0,1.0,,,
95584,1.0,1.0,,,,1.0,1.0,,,
95648,1.0,1.0,,,,1.0,1.0,,,
94683,1.0,1.0,,,,1.0,1.0,,,
94811,1.0,1.0,,,,1.0,1.0,,,
94891,1.0,1.0,,,,1.0,1.0,,,
95035,1.0,1.0,,,,1.0,1.0,,,
95099,1.0,1.0,,,,1.0,1.0,,,
95119,1.0,1.0,,,,1.0,1.0,,,
96682,1.0,1.0,,,,1.0,1.0,,,
95199,0.0,0.0,,,,1.0,1.0,,,
95228,1.0,1.0,,,,0.5,1.0,,,
95242,1.0,1.0,,,,1.0,1.0,,,
95278,1.0,1.0,,,,1.0,1.0,,,
95346,0.0,0.0,,,,1.0,1.0,,,
95460,1.0,1.0,,,,1.0,1.0,,,
95494,0.0,1.0,,,,1.0,0.5,,,
95500,0.0,0.0,,,,1.0,1.0,,,
95502,0.0,0.0,,,,1.0,1.0,,,
95550,1.0,1.0,,,,1.0,1.0,,,
103780,1.0,1.0,,,,0.5,1.0,,,
95666,1.0,1.0,,,,0.5,1.0,,,
95722,1.0,1.0,,,,1.0,1.0,,,
95808,1.0,1.0,,,,1.0,1.0,,,
96188,0.0,0.0,,,,1.0,1.0,,,
96394,1.0,1.0,,,,1.0,1.0,,,
96429,1.0,1.0,,,,1.0,1.0,,,
96483,1.0,1.0,,,,1.0,1.0,,,
96487,1.0,1.0,,,,0.5,1.0,,,
96592,1.0,1.0,,,,1.0,1.0,,,
96971,0.0,0.0,,,,1.0,1.0,,,
97023,1.0,1.0,,,,1.0,1.0,,,
97165,0.0,0.0,,,,1.0,1.0,,,
97893,0.0,1.0,,,,1.0,0.5,,,
97899,1.0,1.0,,,,0.5,1.0,,,
97969,1.0,1.0,,,,1.0,1.0,,,
98115,1.0,1.0,,,,0.5,1.0,,,
98513,0.0,0.0,,,,1.0,1.0,,,
103058,0.0,1.0,,,,1.0,0.5,,,
716459,1.0,1.0,,,,1.0,1.0,,,
52916,0.0,0.0,,,,1.0,1.0,,,
96396,1.0,1.0,,,,1.0,1.0,,,
96453,0.0,0.0,,,,1.0,1.0,,,
96469,0.0,0.0,,,,1.0,1.0,,,
96604,1.0,1.0,,,,1.0,1.0,,,
96644,1.0,1.0,,,,0.5,1.0,,,
96959,1.0,1.0,,,,1.0,1.0,,,
54405,1.0,1.0,,,,0.5,1.0,,,
54600,0.0,0.0,,,,1.0,1.0,,,
55753,1.0,1.0,,,,0.5,1.0,,,
55761,1.0,1.0,,,,0.5,0.5,,,
52910,0.0,0.0,,,,1.0,1.0,,,
60089,0.0,1.0,,,,1.0,0.5,,,
60095,1.0,1.0,,,,0.5,1.0,,,
60097,1.0,1.0,,,,1.0,1.0,,,
60117,1.0,1.0,,,,0.5,1.0,,,
60646,1.0,1.0,,,,1.0,1.0,,,
60684,1.0,1.0,,,,0.5,1.0,,,
61096,1.0,1.0,,,,1.0,1.0,,,
61106,1.0,1.0,,,,1.0,1.0,,,
61112,0.0,1.0,,,,1.0,1.0,,,
61154,0.0,0.0,,,,1.0,1.0,,,
61158,0.0,0.0,,,,1.0,1.0,,,
56221,1.0,1.0,,,,1.0,1.0,,,
56249,1.0,1.0,,,,1.0,1.0,,,
56433,1.0,1.0,,,,0.5,1.0,,,
56697,0.0,0.0,,,,1.0,1.0,,,
56975,0.0,0.0,,,,1.0,1.0,,,
66818,0.0,0.0,,,,1.0,1.0,,,
66826,0.0,0.0,,,,1.0,1.0,,,
66872,0.0,0.0,,,,1.0,1.0,,,
61114,1.0,1.0,,,,0.5,1.0,,,
61120,0.0,0.0,,,,1.0,1.0,,,
61148,0.0,0.0,,,,1.0,1.0,,,
67023,1.0,1.0,,,,0.5,0.5,,,
67031,1.0,1.0,,,,0.5,0.5,,,
68134,0.0,0.0,,,,1.0,1.0,,,
73533,0.0,0.0,,,,1.0,1.0,,,
73537,1.0,1.0,,,,0.5,0.5,,,
73559,1.0,1.0,,,,0.5,1.0,,,
66946,1.0,1.0,,,,1.0,1.0,,,
78857,1.0,1.0,,,,1.0,1.0,,,
79041,0.0,0.0,,,,1.0,1.0,,,
80995,0.0,0.0,,,,1.0,1.0,,,
81003,0.0,0.0,,,,1.0,1.0,,,
81005,0.0,0.0,,,,1.0,1.0,,,
81011,0.0,0.0,,,,1.0,1.0,,,
81794,0.0,0.0,,,,1.0,1.0,,,
81848,1.0,1.0,,,,1.0,1.0,,,
81862,0.0,1.0,,,,1.0,1.0,,,
81864,1.0,1.0,,,,0.5,0.5,,,
81866,1.0,1.0,,,,0.5,0.5,,,
81868,0.0,0.0,,,,1.0,1.0,,,
81874,0.0,0.0,,,,1.0,1.0,,,
81886,0.0,0.0,,,,1.0,1.0,,,
81904,1.0,1.0,,,,1.0,1.0,,,
76231,1.0,1.0,,,,1.0,1.0,,,
82016,0.0,0.0,,,,1.0,1.0,,,
84909,0.0,0.0,,,,1.0,1.0,,,
84921,0.0,0.0,,,,1.0,1.0,,,
84939,0.0,0.0,,,,1.0,1.0,,,
84943,0.0,0.0,,,,1.0,1.0,,,
89939,0.0,1.0,,,,1.0,1.0,,,
89945,0.0,0.0,,,,1.0,1.0,,,
81822,1.0,0.0,,,,0.5,1.0,,,
81832,0.0,0.0,,,,1.0,1.0,,,
81834,1.0,1.0,,,,1.0,1.0,,,
96378,1.0,1.0,,,,1.0,1.0,,,
89985,0.0,0.0,,,,1.0,1.0,,,
89991,1.0,1.0,,,,0.5,0.5,,,
89995,0.0,0.0,,,,1.0,1.0,,,
90015,0.0,0.0,,,,1.0,1.0,,,
90021,0.0,0.0,,,,1.0,1.0,,,
90039,0.0,0.0,,,,1.0,1.0,,,
95670,1.0,1.0,,,,1.0,1.0,,,
95728,0.0,1.0,,,,1.0,0.5,,,
95740,1.0,1.0,,,,1.0,1.0,,,
95824,1.0,1.0,,,,1.0,1.0,,,
96004,0.0,0.0,,,,1.0,1.0,,,
96096,1.0,1.0,,,,1.0,1.0,,,
96136,1.0,1.0,,,,1.0,1.0,,,
96260,1.0,1.0,,,,1.0,1.0,,,
96283,1.0,1.0,,,,1.0,1.0,,,
96321,1.0,1.0,,,,0.5,1.0,,,
95053,1.0,1.0,,,,1.0,1.0,,,
95069,1.0,1.0,,,,0.5,1.0,,,
95548,0.0,0.0,,,,1.0,1.0,,,
94817,1.0,1.0,,,,1.0,1.0,,,
94989,1.0,1.0,,,,1.0,1.0,,,
94991,1.0,1.0,,,,1.0,1.0,,,
95083,0.0,1.0,,,,1.0,0.5,,,
95220,0.0,0.0,,,,1.0,1.0,,,
95290,0.0,0.0,,,,1.0,1.0,,,
95352,1.0,1.0,,,,1.0,1.0,,,
95354,1.0,1.0,,,,1.0,1.0,,,
95486,0.0,1.0,,,,1.0,1.0,,,
715004,,,,,1.0,,,,,1.0
716703,,,1.0,,,,,0.5,,
716705,,,1.0,,,,,0.5,,
716712,,,1.0,,,,,1.0,,
716717,,,1.0,,,,,1.0,,
716730,,,1.0,,,,,1.0,,
147882,,,1.0,,,,,0.5,,
147930,,,1.0,,,,,0.5,,
147924,,,0.0,,,,,1.0,,
147880,,,1.0,,,,,0.5,,
147956,,,0.0,,,,,1.0,,
147950,,,0.0,,,,,1.0,,
147948,,,0.0,,,,,1.0,,
147906,,,1.0,,,,,1.0,,
147902,,,1.0,,,,,0.5,,
147898,,,1.0,,,,,0.5,,
104086,,,,0.0,,,,,1.0,
612607,,,,1.0,,,,,0.5,
546764,,,,,1.0,,,,,1.0
715003,,,,,1.0,,,,,1.0
84935,0.0,,,,,1.0,,,,
85253,,,,0.0,,,,,1.0,
85157,,,,0.0,,,,,1.0,
90013,1.0,,,,,1.0,,,,
95374,,1.0,,,,,1.0,,,
38919,,0.0,,,,,1.0,,,
38913,,0.0,,,,,1.0,,,
38889,,0.0,,,,,1.0,,,
38869,,1.0,,,,,0.5,,,
38831,,0.0,,,,,1.0,,,
38815,,1.0,,,,,0.5,,,
38779,,0.0,,,,,1.0,,,
38777,,1.0,,,,,0.5,,,
38769,,0.0,,,,,1.0,,,
38745,,0.0,,,,,1.0,,,
38739,,1.0,,,,,0.5,,,
38735,,0.0,,,,,1.0,,,
28901,,0.0,,,,,1.0,,,
28900,,1.0,,,,,0.5,,,
38923,,0.0,,,,,1.0,,,
38921,,0.0,,,,,1.0,,,
38895,,1.0,,,,,0.5,,,
38867,,1.0,,,,,0.5,,,
38847,,0.0,,,,,1.0,,,
38833,,1.0,,,,,0.5,,,
38749,,0.0,,,,,1.0,,,
38723,,1.0,,,,,0.5,,,
38709,,0.0,,,,,1.0,,,
28897,,0.0,,,,,1.0,,,
716725,,,1.0,,,,,1.0,,
716716,,,0.0,,,,,1.0,,
716709,,,1.0,,,,,1.0,,
8663,,0.0,,,,,1.0,,,
2562,,0.0,,,,,1.0,,,
95143,,1.0,,,,,1.0,,,
546765,,,,,1.0,,,,,0.5
45320,0.0,,,,,1.0,,,,
39552,1.0,,,,,1.0,,,,
716729,,,1.0,,,,,1.0,,
716721,,,1.0,,,,,1.0,,
716719,,,1.0,,,,,0.5,,
716707,,,1.0,,,,,1.0,,
89957,0.0,,,,,1.0,,,,
89033,1.0,,,,,1.0,,,,
90019,1.0,,,,,1.0,,,,
89959,1.0,,,,,1.0,,,,
89947,,1.0,,,,,0.5,,,
203859,,,,0.0,,,,,1.0,
614057,,,,1.0,,,,,0.5,
612599,,,,1.0,,,,,0.5,
38903,,0.0,,,,,1.0,,,
45306,0.0,,,,,1.0,,,,
84941,,0.0,,,,,1.0,,,
90319,,,,0.0,,,,,1.0,
38725,,0.0,,,,,1.0,,,
8661,,0.0,,,,,1.0,,,
38839,,0.0,,,,,1.0,,,
38829,,0.0,,,,,1.0,,,
38809,,0.0,,,,,1.0,,,
38789,,0.0,,,,,1.0,,,
38733,,0.0,,,,,1.0,,,
38893,,0.0,,,,,1.0,,,
38841,,0.0,,,,,1.0,,,
38823,,1.0,,,,,0.5,,,
38803,,0.0,,,,,1.0,,,
38775,,1.0,,,,,0.5,,,
38759,,1.0,,,,,0.5,,,
38911,,0.0,,,,,1.0,,,
147946,,,0.0,,,,,1.0,,
147944,,,0.0,,,,,1.0,,
147922,,,0.0,,,,,1.0,,
147890,,,1.0,,,,,0.5,,
38717,,1.0,,,,,0.5,,,
28899,,1.0,,,,,1.0,,,
28898,,0.0,,,,,1.0,,,
26067,,0.0,,,,,1.0,,,
25545,,1.0,,,,,1.0,,,
147928,,,0.0,,,,,1.0,,
147914,,,0.0,,,,,1.0,,
147894,,,0.0,,,,,1.0,,
147886,,,1.0,,,,,0.5,,
147884,,,1.0,,,,,0.5,,
147954,,,1.0,,,,,0.5,,
147936,,,0.0,,,,,1.0,,
147934,,,1.0,,,,,0.5,,
147932,,,1.0,,,,,0.5,,
147920,,,1.0,,,,,0.5,,
147908,,,1.0,,,,,0.5,,
49602,,,,0.0,,,,,1.0,
90017,1.0,,,,,0.5,,,,
90007,1.0,,,,,1.0,,,,
89977,,1.0,,,,,0.5,,,
89971,,1.0,,,,,1.0,,,
